id,week,center_id,meal_id,checkout_price,base_price,emailer_for_promotion,homepage_featured,num_orders
1000000,1,10,1062,170.91,180.0,0,0,1772
1000001,1,10,1109,219.47,285.0,0,1,5315
1000002,1,10,1207,328.88,320.0,0,0,1185
1000003,1,10,1230,145.84,150.0,0,0,1579
1000004,1,10,1525,231.05,240.0,0,0,1071
1000005,1,10,1778,179.29,190.0,0,0,2047
1000006,1,10,1885,212.26,220.0,0,0,1236
1000007,1,10,1993,234.88,310.0,0,1,5429
1000008,1,13,1062,179.37,180.0,0,0,2318
1000009,1,13,1109,278.03,285.0,0,0,3227
1000010,1,13,1207,275.58,320.0,1,0,2057
1000011,1,13,1230,151.45,150.0,0,0,2128
1000012,1,13,1525,222.4,240.0,0,0,1398
1000013,1,13,1778,165.41,190.0,0,1,4428
1000014,1,13,1885,185.17,220.0,1,0,2369
1000015,1,13,1993,300.79,310.0,0,0,3585
1000016,1,24,1062,183.92,180.0,0,0,2647
1000017,1,24,1109,291.23,285.0,0,0,4094
1000018,1,24,1207,246.57,320.0,0,1,2686
1000019,1,24,1230,127.68,150.0,1,0,3768
1000020,1,24,1525,223.78,240.0,0,0,1390
1000021,1,24,1778,183.97,190.0,0,0,2873
1000022,1,24,1885,213.95,220.0,0,0,1564
1000023,1,24,1993,249.41,310.0,0,1,7246
1000024,1,55,1062,167.43,180.0,0,0,1458
1000025,1,55,1109,291.14,285.0,0,0,1835
1000026,1,55,1207,296.87,320.0,0,0,1100
1000027,1,55,1230,151.42,150.0,0,0,1381
1000028,1,55,1525,225.88,240.0,0,0,843
1000029,1,55,1778,186.77,190.0,0,0,1738
1000030,1,55,1885,226.43,220.0,0,0,676
1000031,1,55,1993,263.3,310.0,0,1,4098
1000032,1,86,1062,175.13,180.0,0,0,1858
1000033,1,86,1109,285.66,285.0,0,0,3437
1000034,1,86,1207,319.57,320.0,0,0,1369
1000035,1,86,1230,128.73,150.0,0,1,2704
1000036,1,86,1525,243.37,240.0,0,0,1165
1000037,1,86,1778,179.78,190.0,0,0,2313
1000038,1,86,1885,217.7,220.0,0,0,1448
1000039,1,86,1993,240.16,310.0,0,1,6787
1000040,2,10,1062,184.59,180.0,0,0,2239
1000041,2,10,1109,246.82,285.0,1,0,4816
1000042,2,10,1207,305.28,320.0,0,0,1449
1000043,2,10,1230,152.63,150.0,0,0,1603
1000044,2,10,1525,240.39,240.0,0,0,1221
1000045,2,10,1778,190.65,190.0,0,0,2244
1000046,2,10,1885,168.29,220.0,1,0,1769
1000047,2,10,1993,288.71,310.0,0,0,3792
1000048,2,13,1062,172.69,180.0,0,0,2420
1000049,2,13,1109,228.14,285.0,1,1,8110
1000050,2,13,1207,261.66,320.0,1,0,2757
1000051,2,13,1230,150.59,150.0,0,0,2227
1000052,2,13,1525,230.05,240.0,0,0,1411
1000053,2,13,1778,160.52,190.0,0,1,4649
1000054,2,13,1885,203.05,220.0,0,0,1668
1000055,2,13,1993,302.16,310.0,0,0,3744
1000056,2,24,1062,181.53,180.0,0,0,2334
1000057,2,24,1109,248.93,285.0,1,0,6484
1000058,2,24,1207,297.4,320.0,0,0,1846
1000059,2,24,1230,140.43,150.0,0,0,2527
1000060,2,24,1525,224.73,240.0,0,0,1425
1000061,2,24,1778,181.15,190.0,0,0,2835
1000062,2,24,1885,177.7,220.0,0,1,3126
1000063,2,24,1993,295.35,310.0,0,0,4454
1000064,2,55,1062,169.37,180.0,0,0,1598
1000065,2,55,1109,277.83,285.0,0,0,2315
1000066,2,55,1207,304.89,320.0,0,0,1065
1000067,2,55,1230,152.95,150.0,0,0,1263
1000068,2,55,1525,199.24,240.0,0,1,1194
1000069,2,55,1778,169.94,190.0,0,1,2692
1000070,2,55,1885,223.53,220.0,0,0,1060
1000071,2,55,1993,316.39,310.0,0,0,2407
1000072,2,86,1062,147.4,180.0,1,0,3722
1000073,2,86,1109,283.43,285.0,0,0,3324
1000074,2,86,1207,314.15,320.0,0,0,1295
1000075,2,86,1230,150.37,150.0,0,0,2050
1000076,2,86,1525,229.77,240.0,0,0,1250
1000077,2,86,1778,190.52,190.0,0,0,2645
1000078,2,86,1885,226.25,220.0,0,0,1210
1000079,2,86,1993,256.98,310.0,1,0,6368
1000080,3,10,1062,177.51,180.0,0,0,2315
1000081,3,10,1109,229.74,285.0,1,0,5444
1000082,3,10,1207,306.41,320.0,0,0,1353
1000083,3,10,1230,145.0,150.0,0,0,1740
1000084,3,10,1525,235.1,240.0,0,0,1221
1000085,3,10,1778,176.78,190.0,0,0,2324
1000086,3,10,1885,194.67,220.0,0,1,1878
1000087,3,10,1993,318.51,310.0,0,0,3214
1000088,3,13,1062,183.06,180.0,0,0,2517
1000089,3,13,1109,268.36,285.0,0,0,4239
1000090,3,13,1207,303.18,320.0,0,0,1379
1000091,3,13,1230,139.14,150.0,0,0,1878
1000092,3,13,1525,227.38,240.0,0,0,1333
1000093,3,13,1778,178.43,190.0,0,0,2784
1000094,3,13,1885,217.18,220.0,0,0,1428
1000095,3,13,1993,299.75,310.0,0,0,3692
1000096,3,24,1062,179.59,180.0,0,0,2974
1000097,3,24,1109,268.8,285.0,0,0,3681
1000098,3,24,1207,285.24,320.0,1,0,2157
1000099,3,24,1230,152.57,150.0,0,0,2654
1000100,3,24,1525,230.88,240.0,0,0,1488
1000101,3,24,1778,194.0,190.0,0,0,2921
1000102,3,24,1885,185.65,220.0,1,0,2879
1000103,3,24,1993,293.61,310.0,0,0,4317
1000104,3,55,1062,141.02,180.0,0,1,2178
1000105,3,55,1109,235.44,285.0,0,1,4479
1000106,3,55,1207,285.3,320.0,1,0,1716
1000107,3,55,1230,148.31,150.0,0,0,1398
1000108,3,55,1525,241.3,240.0,0,0,857
1000109,3,55,1778,155.22,190.0,0,1,3147
1000110,3,55,1885,211.37,220.0,0,0,926
1000111,3,55,1993,288.57,310.0,0,0,3147
1000112,3,86,1062,136.34,180.0,1,0,3490
1000113,3,86,1109,287.65,285.0,0,0,3387
1000114,3,86,1207,309.06,320.0,0,0,1191
1000115,3,86,1230,151.82,150.0,0,0,1815
1000116,3,86,1525,222.13,240.0,0,0,1356
1000117,3,86,1778,177.6,190.0,0,0,2805
1000118,3,86,1885,185.58,220.0,1,1,2764
1000119,3,86,1993,290.58,310.0,0,0,3210
1000120,4,10,1062,177.19,180.0,0,0,1996
1000121,4,10,1109,262.21,285.0,0,0,3189
1000122,4,10,1207,302.53,320.0,0,0,1373
1000123,4,10,1230,144.5,150.0,0,0,1501
1000124,4,10,1525,230.88,240.0,0,0,1082
1000125,4,10,1778,179.56,190.0,0,0,2244
1000126,4,10,1885,213.24,220.0,0,0,1416
1000127,4,10,1993,318.32,310.0,0,0,3252
1000128,4,13,1062,171.46,180.0,0,0,2353
1000129,4,13,1109,231.28,285.0,1,0,5512
1000130,4,13,1207,297.77,320.0,0,0,1735
1000131,4,13,1230,144.24,150.0,0,0,1682
1000132,4,13,1525,243.32,240.0,0,0,1330
1000133,4,13,1778,175.22,190.0,0,0,3029
1000134,4,13,1885,211.27,220.0,0,0,1507
1000135,4,13,1993,314.12,310.0,0,0,3803
1000136,4,24,1062,181.8,180.0,0,0,2856
1000137,4,24,1109,288.15,285.0,0,0,3858
1000138,4,24,1207,279.89,320.0,0,1,2716
1000139,4,24,1230,124.63,150.0,1,0,3424
1000140,4,24,1525,233.91,240.0,0,0,1545
1000141,4,24,1778,193.99,190.0,0,0,2920
1000142,4,24,1885,225.12,220.0,0,0,1783
1000143,4,24,1993,312.16,310.0,0,0,4103
1000144,4,55,1062,173.16,180.0,0,0,1475
1000145,4,55,1109,245.71,285.0,0,1,3012
1000146,4,55,1207,311.59,320.0,0,0,957
1000147,4,55,1230,150.5,150.0,0,0,1309
1000148,4,55,1525,246.67,240.0,0,0,763
1000149,4,55,1778,145.62,190.0,0,1,2865
1000150,4,55,1885,207.5,220.0,0,0,914
1000151,4,55,1993,293.88,310.0,0,0,2612
1000152,4,86,1062,179.78,180.0,0,0,2413
1000153,4,86,1109,262.62,285.0,0,0,2957
1000154,4,86,1207,326.02,320.0,0,0,1337
1000155,4,86,1230,149.8,150.0,0,0,1689
1000156,4,86,1525,245.08,240.0,0,0,916
1000157,4,86,1778,159.66,190.0,0,1,4178
1000158,4,86,1885,206.83,220.0,0,0,1284
1000159,4,86,1993,300.31,310.0,0,0,3355
1000160,5,10,1062,170.16,180.0,0,0,2003
1000161,5,10,1109,285.95,285.0,0,0,2734
1000162,5,10,1207,319.44,320.0,0,0,1225
1000163,5,10,1230,153.64,150.0,0,0,1743
1000164,5,10,1525,245.53,240.0,0,0,1066
1000165,5,10,1778,183.25,190.0,0,0,2489
1000166,5,10,1885,218.16,220.0,0,0,1293
1000167,5,10,1993,244.54,310.0,0,1,5941
1000168,5,13,1062,182.63,180.0,0,0,2227
1000169,5,13,1109,268.01,285.0,0,0,4011
1000170,5,13,1207,316.97,320.0,0,0,1593
1000171,5,13,1230,148.28,150.0,0,0,2277
1000172,5,13,1525,227.46,240.0,0,0,1221
1000173,5,13,1778,184.34,190.0,0,0,2722
1000174,5,13,1885,223.77,220.0,0,0,1498
1000175,5,13,1993,292.22,310.0,0,0,4375
1000176,5,24,1062,167.7,180.0,0,0,2743
1000177,5,24,1109,270.23,285.0,0,0,4431
1000178,5,24,1207,251.4,320.0,1,0,2945
1000179,5,24,1230,115.95,150.0,0,1,4557
1000180,5,24,1525,226.15,240.0,0,0,1561
1000181,5,24,1778,182.3,190.0,0,0,2942
1000182,5,24,1885,220.51,220.0,0,0,1521
1000183,5,24,1993,305.63,310.0,0,0,4283
1000184,5,55,1062,182.36,180.0,0,0,1552
1000185,5,55,1109,219.22,285.0,0,1,5460
1000186,5,55,1207,305.08,320.0,0,0,1113
1000187,5,55,1230,144.49,150.0,0,0,1426
1000188,5,55,1525,222.53,240.0,0,0,931
1000189,5,55,1778,178.17,190.0,0,0,1949
1000190,5,55,1885,205.55,220.0,0,0,1316
1000191,5,55,1993,263.41,310.0,0,1,4445
1000192,5,86,1062,153.0,180.0,0,1,3856
1000193,5,86,1109,282.67,285.0,0,0,2547
1000194,5,86,1207,321.69,320.0,0,0,1283
1000195,5,86,1230,147.59,150.0,0,0,1821
1000196,5,86,1525,231.87,240.0,0,0,1130
1000197,5,86,1778,187.03,190.0,0,0,2513
1000198,5,86,1885,181.43,220.0,1,0,1975
1000199,5,86,1993,288.68,310.0,0,0,3768
1000200,6,10,1062,184.68,180.0,0,0,2589
1000201,6,10,1109,237.12,285.0,1,0,4339
1000202,6,10,1207,315.49,320.0,0,0,1249
1000203,6,10,1230,138.89,150.0,0,0,1911
1000204,6,10,1525,230.2,240.0,0,0,1168
1000205,6,10,1778,181.93,190.0,0,0,2335
1000206,6,10,1885,190.37,220.0,1,0,1972
1000207,6,10,1993,311.18,310.0,0,0,3309
1000208,6,13,1062,142.5,180.0,1,0,4086
1000209,6,13,1109,287.12,285.0,0,0,3706
1000210,6,13,1207,329.14,320.0,0,0,1359
1000211,6,13,1230,148.86,150.0,0,0,2495
1000212,6,13,1525,231.62,240.0,0,0,1540
1000213,6,13,1778,186.58,190.0,0,0,2366
1000214,6,13,1885,208.12,220.0,0,0,1750
1000215,6,13,1993,318.53,310.0,0,0,3879
1000216,6,24,1062,172.86,180.0,0,0,2672
1000217,6,24,1109,277.07,285.0,0,0,4048
1000218,6,24,1207,328.95,320.0,0,0,1547
1000219,6,24,1230,140.81,150.0,0,0,2626
1000220,6,24,1525,211.07,240.0,0,1,2985
1000221,6,24,1778,176.59,190.0,0,0,3787
1000222,6,24,1885,214.04,220.0,0,0,1697
1000223,6,24,1993,306.03,310.0,0,0,4655
1000224,6,55,1062,171.16,180.0,0,0,1727
1000225,6,55,1109,264.18,285.0,0,0,2097
1000226,6,55,1207,328.5,320.0,0,0,1101
1000227,6,55,1230,121.57,150.0,1,0,1856
1000228,6,55,1525,244.39,240.0,0,0,895
1000229,6,55,1778,186.61,190.0,0,0,1698
1000230,6,55,1885,207.25,220.0,0,0,921
1000231,6,55,1993,316.18,310.0,0,0,2769
1000232,6,86,1062,166.59,180.0,0,0,2017
1000233,6,86,1109,270.59,285.0,0,0,3302
1000234,6,86,1207,305.23,320.0,0,0,1454
1000235,6,86,1230,138.2,150.0,0,0,2109
1000236,6,86,1525,190.6,240.0,0,1,2357
1000237,6,86,1778,162.53,190.0,1,0,3727
1000238,6,86,1885,203.75,220.0,0,0,1609
1000239,6,86,1993,291.03,310.0,0,0,3705
1000240,7,10,1062,155.79,180.0,1,0,2848
1000241,7,10,1109,243.02,285.0,0,1,5861
1000242,7,10,1207,318.38,320.0,0,0,1539
1000243,7,10,1230,154.1,150.0,0,0,1784
1000244,7,10,1525,184.51,240.0,0,1,2304
1000245,7,10,1778,188.37,190.0,0,0,2320
1000246,7,10,1885,214.99,220.0,0,0,1447
1000247,7,10,1993,305.05,310.0,0,0,3559
1000248,7,13,1062,180.67,180.0,0,0,2372
1000249,7,13,1109,286.23,285.0,0,0,3381
1000250,7,13,1207,240.59,320.0,1,1,3146
1000251,7,13,1230,138.83,150.0,0,0,1989
1000252,7,13,1525,200.97,240.0,0,1,2977
1000253,7,13,1778,190.86,190.0,0,0,2531
1000254,7,13,1885,211.89,220.0,0,0,1352
1000255,7,13,1993,312.94,310.0,0,0,4026
1000256,7,24,1062,184.25,180.0,0,0,2625
1000257,7,24,1109,288.73,285.0,0,0,3666
1000258,7,24,1207,321.72,320.0,0,0,2376
1000259,7,24,1230,115.26,150.0,0,1,4746
1000260,7,24,1525,223.74,240.0,0,0,1780
1000261,7,24,1778,159.36,190.0,0,1,5774
1000262,7,24,1885,209.09,220.0,0,0,1667
1000263,7,24,1993,316.7,310.0,0,0,4480
1000264,7,55,1062,175.88,180.0,0,0,1818
1000265,7,55,1109,275.81,285.0,0,0,2522
1000266,7,55,1207,301.53,320.0,0,0,1238
1000267,7,55,1230,140.69,150.0,0,0,1492
1000268,7,55,1525,230.87,240.0,0,0,874
1000269,7,55,1778,195.09,190.0,0,0,1795
1000270,7,55,1885,218.49,220.0,0,0,927
1000271,7,55,1993,302.0,310.0,0,0,2789
1000272,7,86,1062,145.34,180.0,1,0,3538
1000273,7,86,1109,276.62,285.0,0,0,3384
1000274,7,86,1207,251.47,320.0,0,1,2778
1000275,7,86,1230,139.12,150.0,0,0,2001
1000276,7,86,1525,229.04,240.0,0,0,1272
1000277,7,86,1778,154.41,190.0,0,1,4008
1000278,7,86,1885,225.49,220.0,0,0,1384
1000279,7,86,1993,263.95,310.0,1,1,7012
1000280,8,10,1062,171.87,180.0,0,0,1835
1000281,8,10,1109,279.4,285.0,0,0,3064
1000282,8,10,1207,305.18,320.0,0,0,1653
1000283,8,10,1230,152.01,150.0,0,0,2021
1000284,8,10,1525,236.12,240.0,0,0,1072
1000285,8,10,1778,187.14,190.0,0,0,2769
1000286,8,10,1885,221.44,220.0,0,0,1309
1000287,8,10,1993,303.16,310.0,0,0,3422
1000288,8,13,1062,168.2,180.0,0,0,2816
1000289,8,13,1109,273.92,285.0,0,0,4131
1000290,8,13,1207,243.8,320.0,0,1,3479
1000291,8,13,1230,132.18,150.0,0,1,3600
1000292,8,13,1525,241.91,240.0,0,0,1305
1000293,8,13,1778,179.03,190.0,0,0,2880
1000294,8,13,1885,226.32,220.0,0,0,1485
1000295,8,13,1993,309.35,310.0,0,0,3805
1000296,8,24,1062,169.96,180.0,0,0,2940
1000297,8,24,1109,262.62,285.0,0,0,4263
1000298,8,24,1207,307.84,320.0,0,0,2074
1000299,8,24,1230,123.35,150.0,1,0,4584
1000300,8,24,1525,214.8,240.0,1,0,2337
1000301,8,24,1778,181.29,190.0,0,0,3006
1000302,8,24,1885,222.55,220.0,0,0,1786
1000303,8,24,1993,235.47,310.0,0,1,7800
1000304,8,55,1062,142.86,180.0,1,0,2728
1000305,8,55,1109,268.01,285.0,0,0,2700
1000306,8,55,1207,261.72,320.0,1,0,1700
1000307,8,55,1230,142.43,150.0,0,0,1631
1000308,8,55,1525,207.1,240.0,1,1,1678
1000309,8,55,1778,185.29,190.0,0,0,1712
1000310,8,55,1885,221.07,220.0,0,0,887
1000311,8,55,1993,277.57,310.0,0,1,4419
1000312,8,86,1062,168.21,180.0,0,0,2560
1000313,8,86,1109,281.92,285.0,0,0,3637
1000314,8,86,1207,246.38,320.0,0,1,2314
1000315,8,86,1230,140.09,150.0,0,0,2443
1000316,8,86,1525,239.89,240.0,0,0,1363
1000317,8,86,1778,182.5,190.0,0,0,2568
1000318,8,86,1885,209.28,220.0,0,0,1483
1000319,8,86,1993,289.61,310.0,0,0,3722
1000320,9,10,1062,178.29,180.0,0,0,1894
1000321,9,10,1109,285.46,285.0,0,0,3262
1000322,9,10,1207,302.37,320.0,0,0,1285
1000323,9,10,1230,123.31,150.0,1,0,2805
1000324,9,10,1525,235.82,240.0,0,0,1305
1000325,9,10,1778,192.2,190.0,0,0,2012
1000326,9,10,1885,176.09,220.0,1,0,2428
1000327,9,10,1993,289.69,310.0,0,0,3638
1000328,9,13,1062,154.72,180.0,0,1,4139
1000329,9,13,1109,251.28,285.0,0,1,5644
1000330,9,13,1207,318.47,320.0,0,0,1604
1000331,9,13,1230,138.58,150.0,0,0,2292
1000332,9,13,1525,192.99,240.0,1,0,2288
1000333,9,13,1778,181.76,190.0,0,0,3201
1000334,9,13,1885,187.84,220.0,0,1,2357
1000335,9,13,1993,316.1,310.0,0,0,4304
1000336,9,24,1062,168.21,180.0,0,0,3167
1000337,9,24,1109,272.13,285.0,0,0,4029
1000338,9,24,1207,299.01,320.0,0,0,1945
1000339,9,24,1230,143.34,150.0,0,0,2539
1000340,9,24,1525,236.8,240.0,0,0,1514
1000341,9,24,1778,194.69,190.0,0,0,3162
1000342,9,24,1885,205.53,220.0,0,0,1939
1000343,9,24,1993,305.52,310.0,0,0,5435
1000344,9,55,1062,169.4,180.0,0,0,1821
1000345,9,55,1109,289.78,285.0,0,0,2536
1000346,9,55,1207,272.42,320.0,0,1,1598
1000347,9,55,1230,147.1,150.0,0,0,1190
1000348,9,55,1525,241.2,240.0,0,0,931
1000349,9,55,1778,186.01,190.0,0,0,1691
1000350,9,55,1885,214.04,220.0,0,0,984
1000351,9,55,1993,305.7,310.0,0,0,2670
1000352,9,86,1062,173.36,180.0,0,0,2453
1000353,9,86,1109,292.98,285.0,0,0,3445
1000354,9,86,1207,256.92,320.0,0,1,2567
1000355,9,86,1230,113.98,150.0,0,1,3624
1000356,9,86,1525,198.51,240.0,0,1,1981
1000357,9,86,1778,184.43,190.0,0,0,2284
1000358,9,86,1885,209.27,220.0,0,0,1363
1000359,9,86,1993,296.07,310.0,0,0,3236
1000360,10,10,1062,171.36,180.0,0,0,2249
1000361,10,10,1109,278.39,285.0,0,0,2958
1000362,10,10,1207,328.07,320.0,0,0,1478
1000363,10,10,1230,139.91,150.0,0,0,1957
1000364,10,10,1525,231.07,240.0,0,0,1405
1000365,10,10,1778,190.75,190.0,0,0,2273
1000366,10,10,1885,206.69,220.0,0,0,1678
1000367,10,10,1993,257.99,310.0,1,0,5066
1000368,10,13,1062,170.81,180.0,0,0,2537
1000369,10,13,1109,229.06,285.0,1,1,8553
1000370,10,13,1207,321.44,320.0,0,0,1966
1000371,10,13,1230,152.25,150.0,0,0,1797
1000372,10,13,1525,235.9,240.0,0,0,1607
1000373,10,13,1778,193.52,190.0,0,0,3060
1000374,10,13,1885,219.97,220.0,0,0,1407
1000375,10,13,1993,254.86,310.0,0,1,6588
1000376,10,24,1062,155.69,180.0,1,0,4824
1000377,10,24,1109,283.38,285.0,0,0,4341
1000378,10,24,1207,294.61,320.0,0,0,2223
1000379,10,24,1230,153.51,150.0,0,0,2909
1000380,10,24,1525,242.57,240.0,0,0,1461
1000381,10,24,1778,158.16,190.0,0,1,5693
1000382,10,24,1885,210.51,220.0,0,0,1752
1000383,10,24,1993,287.69,310.0,0,0,4333
1000384,10,55,1062,175.09,180.0,0,0,1539
1000385,10,55,1109,267.65,285.0,0,0,2622
1000386,10,55,1207,328.33,320.0,0,0,966
1000387,10,55,1230,113.92,150.0,0,1,2327
1000388,10,55,1525,236.72,240.0,0,0,1162
1000389,10,55,1778,185.31,190.0,0,0,1636
1000390,10,55,1885,221.55,220.0,0,0,963
1000391,10,55,1993,291.82,310.0,0,0,3148
1000392,10,86,1062,183.8,180.0,0,0,1949
1000393,10,86,1109,262.96,285.0,0,0,3465
1000394,10,86,1207,324.94,320.0,0,0,1915
1000395,10,86,1230,146.21,150.0,0,0,1899
1000396,10,86,1525,237.5,240.0,0,0,1355
1000397,10,86,1778,185.12,190.0,0,0,2543
1000398,10,86,1885,176.85,220.0,0,1,2573
1000399,10,86,1993,317.21,310.0,0,0,3167
1000400,11,10,1062,184.25,180.0,0,0,1976
1000401,11,10,1109,290.38,285.0,0,0,3022
1000402,11,10,1207,263.55,320.0,0,1,2123
1000403,11,10,1230,147.47,150.0,0,0,2032
1000404,11,10,1525,235.33,240.0,0,0,1178
1000405,11,10,1778,180.37,190.0,0,0,2195
1000406,11,10,1885,184.27,220.0,0,1,2161
1000407,11,10,1993,314.62,310.0,0,0,3455
1000408,11,13,1062,185.16,180.0,0,0,2232
1000409,11,13,1109,267.08,285.0,0,0,3991
1000410,11,13,1207,280.8,320.0,1,0,2906
1000411,11,13,1230,147.99,150.0,0,0,2009
1000412,11,13,1525,223.65,240.0,0,0,1718
1000413,11,13,1778,178.13,190.0,0,0,2641
1000414,11,13,1885,182.77,220.0,1,0,2873
1000415,11,13,1993,298.36,310.0,0,0,4840
1000416,11,24,1062,157.95,180.0,1,0,4357
1000417,11,24,1109,252.88,285.0,0,1,8188
1000418,11,24,1207,284.58,320.0,0,1,2872
1000419,11,24,1230,141.72,150.0,0,0,2932
1000420,11,24,1525,242.6,240.0,0,0,1667
1000421,11,24,1778,195.26,190.0,0,0,2885
1000422,11,24,1885,188.25,220.0,1,0,2930
1000423,11,24,1993,315.16,310.0,0,0,5287
1000424,11,55,1062,172.65,180.0,0,0,1591
1000425,11,55,1109,284.37,285.0,0,0,2455
1000426,11,55,1207,309.1,320.0,0,0,1225
1000427,11,55,1230,148.92,150.0,0,0,1489
1000428,11,55,1525,237.37,240.0,0,0,789
1000429,11,55,1778,190.67,190.0,0,0,1478
1000430,11,55,1885,205.14,220.0,0,0,944
1000431,11,55,1993,290.43,310.0,0,0,3097
1000432,11,86,1062,170.45,180.0,0,0,2655
1000433,11,86,1109,272.98,285.0,0,0,3445
1000434,11,86,1207,294.94,320.0,0,0,1617
1000435,11,86,1230,150.98,150.0,0,0,1897
1000436,11,86,1525,227.85,240.0,0,0,1687
1000437,11,86,1778,183.89,190.0,0,0,2846
1000438,11,86,1885,211.2,220.0,0,0,1365
1000439,11,86,1993,267.53,310.0,0,1,6359
1000440,12,10,1062,183.44,180.0,0,0,2394
1000441,12,10,1109,270.57,285.0,0,0,3214
1000442,12,10,1207,317.09,320.0,0,0,1504
1000443,12,10,1230,134.21,150.0,1,0,3146
1000444,12,10,1525,221.91,240.0,0,0,1130
1000445,12,10,1778,177.38,190.0,0,0,2247
1000446,12,10,1885,215.74,220.0,0,0,1441
1000447,12,10,1993,305.23,310.0,0,0,3683
1000448,12,13,1062,145.27,180.0,0,1,4952
1000449,12,13,1109,235.94,285.0,1,0,5688
1000450,12,13,1207,260.16,320.0,0,1,3580
1000451,12,13,1230,141.22,150.0,0,0,2760
1000452,12,13,1525,234.05,240.0,0,0,1653
1000453,12,13,1778,184.89,190.0,0,0,2690
1000454,12,13,1885,218.66,220.0,0,0,1462
1000455,12,13,1993,294.21,310.0,0,0,4292
1000456,12,24,1062,172.68,180.0,0,0,3582
1000457,12,24,1109,238.98,285.0,0,1,6512
1000458,12,24,1207,309.47,320.0,0,0,1768
1000459,12,24,1230,154.07,150.0,0,0,2490
1000460,12,24,1525,206.17,240.0,1,0,2084
1000461,12,24,1778,186.72,190.0,0,0,3281
1000462,12,24,1885,222.1,220.0,0,0,1746
1000463,12,24,1993,316.55,310.0,0,0,5325
1000464,12,55,1062,176.75,180.0,0,0,1814
1000465,12,55,1109,289.31,285.0,0,0,2613
1000466,12,55,1207,295.93,320.0,0,0,1073
1000467,12,55,1230,150.38,150.0,0,0,1277
1000468,12,55,1525,235.33,240.0,0,0,900
1000469,12,55,1778,167.03,190.0,1,0,2718
1000470,12,55,1885,218.19,220.0,0,0,1053
1000471,12,55,1993,317.52,310.0,0,0,2651
1000472,12,86,1062,170.93,180.0,0,0,2105
1000473,12,86,1109,263.08,285.0,0,0,3826
1000474,12,86,1207,325.58,320.0,0,0,1442
1000475,12,86,1230,145.24,150.0,0,0,1879
1000476,12,86,1525,185.03,240.0,0,1,2259
1000477,12,86,1778,193.99,190.0,0,0,2487
1000478,12,86,1885,222.59,220.0,0,0,1332
1000479,12,86,1993,300.7,310.0,0,0,4641
1000480,13,10,1062,140.23,180.0,1,0,3350
1000481,13,10,1109,285.44,285.0,0,0,3188
1000482,13,10,1207,302.96,320.0,0,0,1317
1000483,13,10,1230,140.14,150.0,0,0,1963
1000484,13,10,1525,221.2,240.0,0,0,1303
1000485,13,10,1778,185.3,190.0,0,0,2249
1000486,13,10,1885,206.71,220.0,0,0,1608
1000487,13,10,1993,301.45,310.0,0,0,3403
1000488,13,13,1062,173.96,180.0,0,0,2939
1000489,13,13,1109,276.84,285.0,0,0,4113
1000490,13,13,1207,301.68,320.0,0,0,1966
1000491,13,13,1230,138.27,150.0,0,0,2231
1000492,13,13,1525,242.34,240.0,0,0,1480
1000493,13,13,1778,182.84,190.0,0,0,3129
1000494,13,13,1885,171.48,220.0,1,0,2785
1000495,13,13,1993,296.52,310.0,0,0,4328
1000496,13,24,1062,167.94,180.0,0,0,2706
1000497,13,24,1109,233.95,285.0,1,0,6709
1000498,13,24,1207,326.8,320.0,0,0,1767
1000499,13,24,1230,145.58,150.0,0,0,2682
1000500,13,24,1525,234.76,240.0,0,0,1645
1000501,13,24,1778,178.39,190.0,0,0,3825
1000502,13,24,1885,209.37,220.0,0,0,1770
1000503,13,24,1993,293.77,310.0,0,0,4743
1000504,13,55,1062,178.42,180.0,0,0,1629
1000505,13,55,1109,289.59,285.0,0,0,2733
1000506,13,55,1207,305.44,320.0,0,0,1108
1000507,13,55,1230,143.89,150.0,0,0,1529
1000508,13,55,1525,239.14,240.0,0,0,1038
1000509,13,55,1778,179.69,190.0,0,0,1663
1000510,13,55,1885,220.3,220.0,0,0,1048
1000511,13,55,1993,258.21,310.0,0,1,4852
1000512,13,86,1062,174.58,180.0,0,0,2372
1000513,13,86,1109,292.23,285.0,0,0,3288
1000514,13,86,1207,319.74,320.0,0,0,1465
1000515,13,86,1230,141.22,150.0,0,0,2192
1000516,13,86,1525,189.84,240.0,1,0,2319
1000517,13,86,1778,193.35,190.0,0,0,2332
1000518,13,86,1885,224.26,220.0,0,0,1147
1000519,13,86,1993,309.07,310.0,0,0,3604
1000520,14,10,1062,137.62,180.0,0,1,4067
1000521,14,10,1109,287.74,285.0,0,0,3482
1000522,14,10,1207,249.86,320.0,1,0,2438
1000523,14,10,1230,145.9,150.0,0,0,1791
1000524,14,10,1525,194.44,240.0,1,0,2026
1000525,14,10,1778,183.75,190.0,0,0,2598
1000526,14,10,1885,218.93,220.0,0,0,1555
1000527,14,10,1993,304.18,310.0,0,0,3448
1000528,14,13,1062,173.68,180.0,0,0,2359
1000529,14,13,1109,240.06,285.0,0,1,6894
1000530,14,13,1207,296.14,320.0,0,0,2128
1000531,14,13,1230,153.33,150.0,0,0,2265
1000532,14,13,1525,234.73,240.0,0,0,1443
1000533,14,13,1778,189.83,190.0,0,0,2282
1000534,14,13,1885,226.47,220.0,0,0,1721
1000535,14,13,1993,309.29,310.0,0,0,3936
1000536,14,24,1062,183.68,180.0,0,0,2582
1000537,14,24,1109,266.14,285.0,0,0,4689
1000538,14,24,1207,294.65,320.0,0,0,2008
1000539,14,24,1230,147.72,150.0,0,0,2335
1000540,14,24,1525,231.15,240.0,0,0,1857
1000541,14,24,1778,195.67,190.0,0,0,2936
1000542,14,24,1885,189.5,220.0,0,1,2996
1000543,14,24,1993,261.15,310.0,0,1,7440
1000544,14,55,1062,183.0,180.0,0,0,1874
1000545,14,55,1109,241.33,285.0,1,1,4834
1000546,14,55,1207,305.71,320.0,0,0,1295
1000547,14,55,1230,114.45,150.0,1,0,1999
1000548,14,55,1525,228.09,240.0,0,0,979
1000549,14,55,1778,158.97,190.0,0,1,2830
1000550,14,55,1885,212.63,220.0,0,0,863
1000551,14,55,1993,290.46,310.0,0,0,3050
1000552,14,86,1062,172.08,180.0,0,0,2128
1000553,14,86,1109,268.52,285.0,0,0,3184
1000554,14,86,1207,297.33,320.0,0,0,1355
1000555,14,86,1230,144.58,150.0,0,0,1858
1000556,14,86,1525,237.31,240.0,0,0,1266
1000557,14,86,1778,188.47,190.0,0,0,2223
1000558,14,86,1885,176.69,220.0,0,1,2134
1000559,14,86,1993,264.53,310.0,1,0,6452
1000560,15,10,1062,178.18,180.0,0,0,2599
1000561,15,10,1109,292.69,285.0,0,0,2986
1000562,15,10,1207,316.08,320.0,0,0,1310
1000563,15,10,1230,124.68,150.0,1,0,2785
1000564,15,10,1525,244.13,240.0,0,0,1190
1000565,15,10,1778,178.42,190.0,0,0,2549
1000566,15,10,1885,203.34,220.0,0,0,1222
1000567,15,10,1993,314.04,310.0,0,0,2987
1000568,15,13,1062,170.31,180.0,0,0,2590
1000569,15,13,1109,287.45,285.0,0,0,4253
1000570,15,13,1207,275.03,320.0,1,0,2648
1000571,15,13,1230,152.2,150.0,0,0,2246
1000572,15,13,1525,234.29,240.0,0,0,1516
1000573,15,13,1778,191.49,190.0,0,0,3039
1000574,15,13,1885,182.31,220.0,0,1,2306
1000575,15,13,1993,294.67,310.0,0,0,4438
1000576,15,24,1062,182.81,180.0,0,0,2725
1000577,15,24,1109,266.05,285.0,0,0,4682
1000578,15,24,1207,313.31,320.0,0,0,1975
1000579,15,24,1230,148.31,150.0,0,0,2576
1000580,15,24,1525,227.09,240.0,0,0,1756
1000581,15,24,1778,177.61,190.0,0,0,2635
1000582,15,24,1885,206.57,220.0,0,0,1967
1000583,15,24,1993,315.57,310.0,0,0,5378
1000584,15,55,1062,168.63,180.0,0,0,1697
1000585,15,55,1109,264.51,285.0,0,0,2876
1000586,15,55,1207,254.99,320.0,1,0,1989
1000587,15,55,1230,148.58,150.0,0,0,1570
1000588,15,55,1525,241.64,240.0,0,0,876
1000589,15,55,1778,147.23,190.0,1,0,3292
1000590,15,55,1885,208.37,220.0,0,0,1142
1000591,15,55,1993,298.38,310.0,0,0,3109
1000592,15,86,1062,159.9,180.0,1,0,2845
1000593,15,86,1109,251.75,285.0,1,0,4291
1000594,15,86,1207,327.05,320.0,0,0,1500
1000595,15,86,1230,123.74,150.0,0,1,3493
1000596,15,86,1525,245.87,240.0,0,0,1236
1000597,15,86,1778,189.83,190.0,0,0,2317
1000598,15,86,1885,216.8,220.0,0,0,1381
1000599,15,86,1993,297.46,310.0,0,0,4070
1000600,16,10,1062,178.32,180.0,0,0,1964
1000601,16,10,1109,279.46,285.0,0,0,3348
1000602,16,10,1207,327.07,320.0,0,0,1266
1000603,16,10,1230,141.23,150.0,0,0,2071
1000604,16,10,1525,243.43,240.0,0,0,1113
1000605,16,10,1778,192.9,190.0,0,0,2536
1000606,16,10,1885,173.29,220.0,0,1,2213
1000607,16,10,1993,317.16,310.0,0,0,3426
1000608,16,13,1062,155.34,180.0,0,1,3792
1000609,16,13,1109,285.07,285.0,0,0,4219
1000610,16,13,1207,301.83,320.0,0,0,1764
1000611,16,13,1230,138.59,150.0,0,0,2533
1000612,16,13,1525,198.22,240.0,1,0,2669
1000613,16,13,1778,166.24,190.0,0,1,3959
1000614,16,13,1885,203.22,220.0,0,0,1512
1000615,16,13,1993,297.33,310.0,0,0,4757
1000616,16,24,1062,136.17,180.0,1,0,3673
1000617,16,24,1109,281.99,285.0,0,0,4320
1000618,16,24,1207,251.16,320.0,0,1,3897
1000619,16,24,1230,143.65,150.0,0,0,2454
1000620,16,24,1525,241.5,240.0,0,0,1784
1000621,16,24,1778,182.08,190.0,0,0,3839
1000622,16,24,1885,211.0,220.0,0,0,2154
1000623,16,24,1993,309.5,310.0,0,0,4344
1000624,16,55,1062,158.99,180.0,0,1,2193
1000625,16,55,1109,240.29,285.0,0,1,4123
1000626,16,55,1207,282.03,320.0,0,1,1736
1000627,16,55,1230,144.68,150.0,0,0,1099
1000628,16,55,1525,181.31,240.0,1,0,1941
1000629,16,55,1778,179.55,190.0,0,0,1923
1000630,16,55,1885,223.56,220.0,0,0,975
1000631,16,55,1993,265.36,310.0,0,1,4490
1000632,16,86,1062,178.51,180.0,0,0,2484
1000633,16,86,1109,292.81,285.0,0,0,2862
1000634,16,86,1207,302.13,320.0,0,0,1268
1000635,16,86,1230,129.86,150.0,0,1,2859
1000636,16,86,1525,227.47,240.0,0,0,1246
1000637,16,86,1778,179.29,190.0,0,0,2588
1000638,16,86,1885,203.3,220.0,0,0,1463
1000639,16,86,1993,314.5,310.0,0,0,3398
1000640,17,10,1062,173.95,180.0,0,0,2243
1000641,17,10,1109,272.42,285.0,0,0,3168
1000642,17,10,1207,297.3,320.0,0,0,1484
1000643,17,10,1230,153.47,150.0,0,0,1475
1000644,17,10,1525,193.29,240.0,0,1,1883
1000645,17,10,1778,190.64,190.0,0,0,2292
1000646,17,10,1885,224.76,220.0,0,0,1408
1000647,17,10,1993,304.54,310.0,0,0,3307
1000648,17,13,1062,149.97,180.0,1,0,4118
1000649,17,13,1109,287.38,285.0,0,0,3861
1000650,17,13,1207,304.55,320.0,0,0,1776
1000651,17,13,1230,144.71,150.0,0,0,2281
1000652,17,13,1525,180.68,240.0,1,0,2591
1000653,17,13,1778,175.63,190.0,0,0,2789
1000654,17,13,1885,208.27,220.0,0,0,1621
1000655,17,13,1993,297.46,310.0,0,0,3753
1000656,17,24,1062,174.21,180.0,0,0,2908
1000657,17,24,1109,241.24,285.0,1,1,10296
1000658,17,24,1207,307.27,320.0,0,0,1854
1000659,17,24,1230,152.93,150.0,0,0,2141
1000660,17,24,1525,198.69,240.0,0,1,2543
1000661,17,24,1778,176.48,190.0,0,0,3452
1000662,17,24,1885,172.89,220.0,0,1,2752
1000663,17,24,1993,286.87,310.0,0,0,4231
1000664,17,55,1062,169.81,180.0,0,0,1761
1000665,17,55,1109,286.01,285.0,0,0,2055
1000666,17,55,1207,326.02,320.0,0,0,922
1000667,17,55,1230,131.06,150.0,1,1,2794
1000668,17,55,1525,222.11,240.0,0,0,842
1000669,17,55,1778,179.84,190.0,0,0,2277
1000670,17,55,1885,204.96,220.0,0,0,1230
1000671,17,55,1993,312.32,310.0,0,0,2523
1000672,17,86,1062,178.84,180.0,0,0,2152
1000673,17,86,1109,216.28,285.0,1,1,7923
1000674,17,86,1207,301.06,320.0,0,0,1512
1000675,17,86,1230,143.7,150.0,0,0,2172
1000676,17,86,1525,232.97,240.0,0,0,1228
1000677,17,86,1778,149.18,190.0,1,0,3450
1000678,17,86,1885,180.76,220.0,1,0,2057
1000679,17,86,1993,319.25,310.0,0,0,3211
1000680,18,10,1062,180.96,180.0,0,0,2352
1000681,18,10,1109,284.05,285.0,0,0,3415
1000682,18,10,1207,300.85,320.0,0,0,1428
1000683,18,10,1230,138.25,150.0,0,0,1715
1000684,18,10,1525,231.61,240.0,0,0,1160
1000685,18,10,1778,192.2,190.0,0,0,2346
1000686,18,10,1885,203.56,220.0,0,0,1191
1000687,18,10,1993,315.8,310.0,0,0,3662
1000688,18,13,1062,178.09,180.0,0,0,2785
1000689,18,13,1109,271.77,285.0,0,0,4274
1000690,18,13,1207,319.95,320.0,0,0,1593
1000691,18,13,1230,138.35,150.0,0,0,2400
1000692,18,13,1525,228.01,240.0,0,0,1575
1000693,18,13,1778,192.29,190.0,0,0,2738
1000694,18,13,1885,217.3,220.0,0,0,1555
1000695,18,13,1993,291.44,310.0,0,0,4488
1000696,18,24,1062,184.38,180.0,0,0,3299
1000697,18,24,1109,268.47,285.0,0,0,4448
1000698,18,24,1207,324.96,320.0,0,0,1681
1000699,18,24,1230,141.35,150.0,0,0,2287
1000700,18,24,1525,232.11,240.0,0,0,1662
1000701,18,24,1778,188.32,190.0,0,0,2937
1000702,18,24,1885,208.87,220.0,0,0,1712
1000703,18,24,1993,304.54,310.0,0,0,4612
1000704,18,55,1062,184.28,180.0,0,0,1651
1000705,18,55,1109,273.73,285.0,0,0,2440
1000706,18,55,1207,303.17,320.0,0,0,1101
1000707,18,55,1230,138.32,150.0,0,0,1390
1000708,18,55,1525,209.54,240.0,1,0,1607
1000709,18,55,1778,188.46,190.0,0,0,1673
1000710,18,55,1885,221.63,220.0,0,0,832
1000711,18,55,1993,286.27,310.0,0,0,2770
1000712,18,86,1062,159.96,180.0,0,1,3500
1000713,18,86,1109,229.84,285.0,1,0,5453
1000714,18,86,1207,329.07,320.0,0,0,1643
1000715,18,86,1230,150.03,150.0,0,0,2088
1000716,18,86,1525,222.21,240.0,0,0,1314
1000717,18,86,1778,181.49,190.0,0,0,2605
1000718,18,86,1885,178.76,220.0,0,1,2303
1000719,18,86,1993,290.66,310.0,0,0,3248
1000720,19,10,1062,166.06,180.0,0,0,2034
1000721,19,10,1109,279.94,285.0,0,0,3110
1000722,19,10,1207,304.13,320.0,0,0,1469
1000723,19,10,1230,150.51,150.0,0,0,1754
1000724,19,10,1525,208.83,240.0,0,1,2002
1000725,19,10,1778,164.89,190.0,1,0,3695
1000726,19,10,1885,225.09,220.0,0,0,1505
1000727,19,10,1993,316.53,310.0,0,0,3243
1000728,19,13,1062,169.46,180.0,0,0,2244
1000729,19,13,1109,270.42,285.0,0,0,3927
1000730,19,13,1207,270.19,320.0,0,1,2829
1000731,19,13,1230,148.42,150.0,0,0,2290
1000732,19,13,1525,226.41,240.0,0,0,1824
1000733,19,13,1778,186.76,190.0,0,0,2556
1000734,19,13,1885,203.94,220.0,0,0,1558
1000735,19,13,1993,255.63,310.0,1,0,5366
1000736,19,24,1062,136.97,180.0,1,0,4854
1000737,19,24,1109,285.39,285.0,0,0,4010
1000738,19,24,1207,327.12,320.0,0,0,1954
1000739,19,24,1230,143.2,150.0,0,0,2233
1000740,19,24,1525,239.02,240.0,0,0,1609
1000741,19,24,1778,188.31,190.0,0,0,2626
1000742,19,24,1885,219.15,220.0,0,0,1554
1000743,19,24,1993,289.42,310.0,0,0,4224
1000744,19,55,1062,174.44,180.0,0,0,1411
1000745,19,55,1109,267.28,285.0,0,0,2507
1000746,19,55,1207,314.14,320.0,0,0,975
1000747,19,55,1230,143.05,150.0,0,0,1462
1000748,19,55,1525,210.05,240.0,0,1,1483
1000749,19,55,1778,170.45,190.0,0,1,3313
1000750,19,55,1885,220.75,220.0,0,0,911
1000751,19,55,1993,298.58,310.0,0,0,2604
1000752,19,86,1062,151.44,180.0,0,1,3401
1000753,19,86,1109,276.09,285.0,0,0,3132
1000754,19,86,1207,310.56,320.0,0,0,1691
1000755,19,86,1230,147.7,150.0,0,0,2104
1000756,19,86,1525,233.14,240.0,0,0,1309
1000757,19,86,1778,192.71,190.0,0,0,2175
1000758,19,86,1885,217.12,220.0,0,0,1359
1000759,19,86,1993,318.68,310.0,0,0,3560
1000760,20,10,1062,149.2,180.0,0,1,4264
1000761,20,10,1109,293.24,285.0,0,0,3298
1000762,20,10,1207,300.17,320.0,0,0,1520
1000763,20,10,1230,141.44,150.0,0,0,1908
1000764,20,10,1525,224.63,240.0,0,0,1226
1000765,20,10,1778,148.1,190.0,1,0,4189
1000766,20,10,1885,224.98,220.0,0,0,1221
1000767,20,10,1993,317.03,310.0,0,0,3625
1000768,20,13,1062,151.86,180.0,0,1,3943
1000769,20,13,1109,283.48,285.0,0,0,4179
1000770,20,13,1207,316.49,320.0,0,0,1629
1000771,20,13,1230,143.66,150.0,0,0,2026
1000772,20,13,1525,208.16,240.0,0,1,2220
1000773,20,13,1778,148.97,190.0,1,0,5502
1000774,20,13,1885,172.71,220.0,0,1,3103
1000775,20,13,1993,301.64,310.0,0,0,4249
1000776,20,24,1062,173.11,180.0,0,0,2642
1000777,20,24,1109,270.04,285.0,0,0,4548
1000778,20,24,1207,308.58,320.0,0,0,2079
1000779,20,24,1230,151.92,150.0,0,0,2403
1000780,20,24,1525,240.05,240.0,0,0,1473
1000781,20,24,1778,186.82,190.0,0,0,2789
1000782,20,24,1885,222.05,220.0,0,0,1742
1000783,20,24,1993,296.81,310.0,0,0,4464
1000784,20,55,1062,171.69,180.0,0,0,1642
1000785,20,55,1109,285.1,285.0,0,0,2330
1000786,20,55,1207,321.9,320.0,0,0,905
1000787,20,55,1230,141.66,150.0,0,0,1495
1000788,20,55,1525,244.87,240.0,0,0,798
1000789,20,55,1778,163.6,190.0,0,1,3287
1000790,20,55,1885,189.97,220.0,1,0,1415
1000791,20,55,1993,288.68,310.0,0,0,2745
1000792,20,86,1062,167.56,180.0,0,0,2185
1000793,20,86,1109,252.44,285.0,0,1,5542
1000794,20,86,1207,303.26,320.0,0,0,1588
1000795,20,86,1230,153.83,150.0,0,0,1865
1000796,20,86,1525,246.61,240.0,0,0,1358
1000797,20,86,1778,182.02,190.0,0,0,2330
1000798,20,86,1885,172.78,220.0,0,1,2740
1000799,20,86,1993,250.19,310.0,1,0,6107
1000800,21,10,1062,168.28,180.0,0,0,2519
1000801,21,10,1109,279.68,285.0,0,0,3670
1000802,21,10,1207,321.54,320.0,0,0,1465
1000803,21,10,1230,145.79,150.0,0,0,1802
1000804,21,10,1525,221.3,240.0,0,0,1383
1000805,21,10,1778,194.59,190.0,0,0,2316
1000806,21,10,1885,210.2,220.0,0,0,1388
1000807,21,10,1993,295.74,310.0,0,0,3400
1000808,21,13,1062,179.95,180.0,0,0,2492
1000809,21,13,1109,271.44,285.0,0,0,3377
1000810,21,13,1207,300.12,320.0,0,0,1806
1000811,21,13,1230,141.25,150.0,0,0,2465
1000812,21,13,1525,234.3,240.0,0,0,1249
1000813,21,13,1778,176.44,190.0,0,0,2734
1000814,21,13,1885,218.01,220.0,0,0,1390
1000815,21,13,1993,289.19,310.0,0,0,4108
1000816,21,24,1062,168.31,180.0,0,0,2823
1000817,21,24,1109,268.39,285.0,0,0,4372
1000818,21,24,1207,244.93,320.0,0,1,3447
1000819,21,24,1230,153.47,150.0,0,0,2296
1000820,21,24,1525,180.89,240.0,0,1,2957
1000821,21,24,1778,160.01,190.0,0,1,5195
1000822,21,24,1885,190.43,220.0,1,0,2175
1000823,21,24,1993,314.28,310.0,0,0,4303
1000824,21,55,1062,166.24,180.0,0,0,1391
1000825,21,55,1109,284.16,285.0,0,0,2214
1000826,21,55,1207,320.57,320.0,0,0,1198
1000827,21,55,1230,116.8,150.0,1,0,1969
1000828,21,55,1525,224.37,240.0,0,0,770
1000829,21,55,1778,192.83,190.0,0,0,1660
1000830,21,55,1885,223.11,220.0,0,0,825
1000831,21,55,1993,257.63,310.0,0,1,4648
1000832,21,86,1062,184.27,180.0,0,0,1851
1000833,21,86,1109,272.63,285.0,0,0,2626
1000834,21,86,1207,318.55,320.0,0,0,1637
1000835,21,86,1230,148.37,150.0,0,0,1865
1000836,21,86,1525,227.62,240.0,0,0,911
1000837,21,86,1778,177.73,190.0,0,0,2151
1000838,21,86,1885,215.61,220.0,0,0,1287
1000839,21,86,1993,313.32,310.0,0,0,3584
1000840,22,10,1062,175.71,180.0,0,0,1797
1000841,22,10,1109,272.81,285.0,0,0,3312
1000842,22,10,1207,323.08,320.0,0,0,1224
1000843,22,10,1230,149.79,150.0,0,0,1591
1000844,22,10,1525,232.12,240.0,0,0,1130
1000845,22,10,1778,193.88,190.0,0,0,1962
1000846,22,10,1885,207.34,220.0,0,0,1379
1000847,22,10,1993,289.49,310.0,0,0,3145
1000848,22,13,1062,185.39,180.0,0,0,2369
1000849,22,13,1109,288.78,285.0,0,0,3632
1000850,22,13,1207,326.3,320.0,0,0,1710
1000851,22,13,1230,130.33,150.0,1,0,3067
1000852,22,13,1525,234.84,240.0,0,0,1609
1000853,22,13,1778,186.71,190.0,0,0,2596
1000854,22,13,1885,207.98,220.0,0,0,1738
1000855,22,13,1993,269.49,310.0,0,1,6101
1000856,22,24,1062,173.22,180.0,0,0,2767
1000857,22,24,1109,255.01,285.0,0,1,6983
1000858,22,24,1207,300.06,320.0,0,0,1640
1000859,22,24,1230,132.49,150.0,1,0,3335
1000860,22,24,1525,242.62,240.0,0,0,1710
1000861,22,24,1778,193.08,190.0,0,0,2780
1000862,22,24,1885,210.21,220.0,0,0,1870
1000863,22,24,1993,278.11,310.0,0,1,7063
1000864,22,55,1062,170.05,180.0,0,0,1487
1000865,22,55,1109,227.95,285.0,1,0,3299
1000866,22,55,1207,308.08,320.0,0,0,947
1000867,22,55,1230,139.9,150.0,0,0,1550
1000868,22,55,1525,239.77,240.0,0,0,959
1000869,22,55,1778,189.18,190.0,0,0,1873
1000870,22,55,1885,183.39,220.0,0,1,1481
1000871,22,55,1993,312.97,310.0,0,0,2185
1000872,22,86,1062,184.18,180.0,0,0,1842
1000873,22,86,1109,277.83,285.0,0,0,3311
1000874,22,86,1207,306.3,320.0,0,0,1603
1000875,22,86,1230,141.01,150.0,0,0,2055
1000876,22,86,1525,215.75,240.0,0,1,2026
1000877,22,86,1778,177.21,190.0,0,0,2202
1000878,22,86,1885,219.0,220.0,0,0,1177
1000879,22,86,1993,307.63,310.0,0,0,3802
1000880,23,10,1062,183.03,180.0,0,0,1978
1000881,23,10,1109,284.15,285.0,0,0,3499
1000882,23,10,1207,323.81,320.0,0,0,1333
1000883,23,10,1230,142.41,150.0,0,0,1588
1000884,23,10,1525,225.53,240.0,0,0,1429
1000885,23,10,1778,188.87,190.0,0,0,2366
1000886,23,10,1885,171.57,220.0,1,0,2080
1000887,23,10,1993,233.4,310.0,0,1,5427
1000888,23,13,1062,145.94,180.0,0,1,4198
1000889,23,13,1109,275.74,285.0,0,0,4411
1000890,23,13,1207,300.78,320.0,0,0,1650
1000891,23,13,1230,133.81,150.0,0,1,3327
1000892,23,13,1525,241.22,240.0,0,0,1146
1000893,23,13,1778,178.49,190.0,0,0,2894
1000894,23,13,1885,218.11,220.0,0,0,1640
1000895,23,13,1993,316.41,310.0,0,0,3559
1000896,23,24,1062,168.75,180.0,0,0,2630
1000897,23,24,1109,281.49,285.0,0,0,3502
1000898,23,24,1207,296.77,320.0,0,0,1969
1000899,23,24,1230,125.83,150.0,1,0,4300
1000900,23,24,1525,221.56,240.0,0,0,1912
1000901,23,24,1778,167.68,190.0,1,0,4598
1000902,23,24,1885,210.58,220.0,0,0,1670
1000903,23,24,1993,290.87,310.0,0,0,4285
1000904,23,55,1062,178.01,180.0,0,0,1442
1000905,23,55,1109,272.36,285.0,0,0,2266
1000906,23,55,1207,269.03,320.0,0,1,1643
1000907,23,55,1230,125.57,150.0,0,1,2089
1000908,23,55,1525,232.49,240.0,0,0,879
1000909,23,55,1778,191.09,190.0,0,0,1408
1000910,23,55,1885,204.42,220.0,0,0,1141
1000911,23,55,1993,301.18,310.0,0,0,2906
1000912,23,86,1062,170.92,180.0,0,0,2093
1000913,23,86,1109,267.07,285.0,0,0,3363
1000914,23,86,1207,297.39,320.0,0,0,1591
1000915,23,86,1230,149.41,150.0,0,0,1693
1000916,23,86,1525,246.16,240.0,0,0,1342
1000917,23,86,1778,178.87,190.0,0,0,2244
1000918,23,86,1885,207.64,220.0,0,0,1365
1000919,23,86,1993,315.19,310.0,0,0,3233
1000920,24,10,1062,173.07,180.0,0,0,1856
1000921,24,10,1109,288.53,285.0,0,0,2583
1000922,24,10,1207,302.94,320.0,0,0,1260
1000923,24,10,1230,121.44,150.0,1,0,2611
1000924,24,10,1525,246.57,240.0,0,0,1037
1000925,24,10,1778,186.93,190.0,0,0,2058
1000926,24,10,1885,179.06,220.0,1,1,2493
1000927,24,10,1993,242.39,310.0,0,1,5617
1000928,24,13,1062,146.11,180.0,0,1,4093
1000929,24,13,1109,271.31,285.0,0,0,3546
1000930,24,13,1207,316.41,320.0,0,0,1469
1000931,24,13,1230,141.21,150.0,0,0,2075
1000932,24,13,1525,225.62,240.0,0,0,1127
1000933,24,13,1778,164.98,190.0,0,1,3889
1000934,24,13,1885,181.75,220.0,0,1,2007
1000935,24,13,1993,313.8,310.0,0,0,3471
1000936,24,24,1062,170.35,180.0,0,0,2666
1000937,24,24,1109,280.74,285.0,0,0,3866
1000938,24,24,1207,286.34,320.0,0,1,3274
1000939,24,24,1230,150.21,150.0,0,0,2033
1000940,24,24,1525,239.35,240.0,0,0,1414
1000941,24,24,1778,178.44,190.0,0,0,2620
1000942,24,24,1885,216.99,220.0,0,0,1717
1000943,24,24,1993,310.07,310.0,0,0,3966
1000944,24,55,1062,157.78,180.0,1,0,2361
1000945,24,55,1109,284.48,285.0,0,0,2472
1000946,24,55,1207,315.13,320.0,0,0,842
1000947,24,55,1230,151.17,150.0,0,0,1158
1000948,24,55,1525,225.47,240.0,0,0,1027
1000949,24,55,1778,169.86,190.0,1,0,2492
1000950,24,55,1885,219.48,220.0,0,0,985
1000951,24,55,1993,315.79,310.0,0,0,2214
1000952,24,86,1062,172.06,180.0,0,0,2016
1000953,24,86,1109,274.64,285.0,0,0,3437
1000954,24,86,1207,314.5,320.0,0,0,1532
1000955,24,86,1230,150.65,150.0,0,0,1606
1000956,24,86,1525,241.43,240.0,0,0,1285
1000957,24,86,1778,161.27,190.0,1,0,3603
1000958,24,86,1885,218.57,220.0,0,0,1236
1000959,24,86,1993,277.7,310.0,1,0,4933
1000960,25,10,1062,174.55,180.0,0,0,1842
1000961,25,10,1109,291.97,285.0,0,0,2553
1000962,25,10,1207,309.75,320.0,0,0,1224
1000963,25,10,1230,127.33,150.0,1,0,2521
1000964,25,10,1525,243.42,240.0,0,0,968
1000965,25,10,1778,176.88,190.0,0,0,2474
1000966,25,10,1885,210.15,220.0,0,0,1217
1000967,25,10,1993,268.87,310.0,1,0,4866
1000968,25,13,1062,173.65,180.0,0,0,2600
1000969,25,13,1109,289.33,285.0,0,0,2935
1000970,25,13,1207,243.92,320.0,1,0,2400
1000971,25,13,1230,141.63,150.0,0,0,2079
1000972,25,13,1525,190.36,240.0,0,1,1989
1000973,25,13,1778,146.74,190.0,1,0,3874
1000974,25,13,1885,214.15,220.0,0,0,1449
1000975,25,13,1993,306.04,310.0,0,0,3427
1000976,25,24,1062,153.5,180.0,0,1,4210
1000977,25,24,1109,262.34,285.0,0,0,4208
1000978,25,24,1207,318.09,320.0,0,0,1598
1000979,25,24,1230,149.3,150.0,0,0,1859
1000980,25,24,1525,243.81,240.0,0,0,1705
1000981,25,24,1778,177.46,190.0,0,0,3202
1000982,25,24,1885,211.62,220.0,0,0,1569
1000983,25,24,1993,312.61,310.0,0,0,3487
1000984,25,55,1062,183.26,180.0,0,0,1839
1000985,25,55,1109,254.06,285.0,0,1,3253
1000986,25,55,1207,310.44,320.0,0,0,1075
1000987,25,55,1230,123.79,150.0,0,1,1864
1000988,25,55,1525,239.07,240.0,0,0,901
1000989,25,55,1778,180.44,190.0,0,0,1713
1000990,25,55,1885,215.32,220.0,0,0,977
1000991,25,55,1993,288.22,310.0,0,0,2306
1000992,25,86,1062,160.46,180.0,1,0,3206
1000993,25,86,1109,281.14,285.0,0,0,3350
1000994,25,86,1207,315.09,320.0,0,0,1402
1000995,25,86,1230,153.48,150.0,0,0,1520
1000996,25,86,1525,242.93,240.0,0,0,917
1000997,25,86,1778,145.83,190.0,0,1,3745
1000998,25,86,1885,210.64,220.0,0,0,1579
1000999,25,86,1993,235.27,310.0,1,0,5175
1001000,26,10,1062,182.4,180.0,0,0,2351
1001001,26,10,1109,282.95,285.0,0,0,2661
1001002,26,10,1207,323.87,320.0,0,0,1149
1001003,26,10,1230,121.61,150.0,1,0,2755
1001004,26,10,1525,238.08,240.0,0,0,1091
1001005,26,10,1778,145.12,190.0,1,0,4021
1001006,26,10,1885,223.13,220.0,0,0,1124
1001007,26,10,1993,235.31,310.0,0,1,4997
1001008,26,13,1062,169.0,180.0,0,0,2315
1001009,26,13,1109,268.99,285.0,0,0,3196
1001010,26,13,1207,325.22,320.0,0,0,1560
1001011,26,13,1230,123.38,150.0,1,0,2777
1001012,26,13,1525,229.45,240.0,0,0,1502
1001013,26,13,1778,143.0,190.0,0,1,4469
1001014,26,13,1885,188.75,220.0,1,0,2082
1001015,26,13,1993,317.44,310.0,0,0,3189
1001016,26,24,1062,177.81,180.0,0,0,2452
1001017,26,24,1109,221.17,285.0,1,0,5430
1001018,26,24,1207,301.45,320.0,0,0,2025
1001019,26,24,1230,144.62,150.0,0,0,2257
1001020,26,24,1525,232.91,240.0,0,0,1280
1001021,26,24,1778,191.84,190.0,0,0,2886
1001022,26,24,1885,172.8,220.0,1,0,2218
1001023,26,24,1993,258.45,310.0,0,1,7040
1001024,26,55,1062,181.39,180.0,0,0,1337
1001025,26,55,1109,278.4,285.0,0,0,2145
1001026,26,55,1207,324.48,320.0,0,0,886
1001027,26,55,1230,122.26,150.0,1,0,1958
1001028,26,55,1525,221.86,240.0,0,0,1071
1001029,26,55,1778,147.0,190.0,1,0,2803
1001030,26,55,1885,192.39,220.0,0,1,1225
1001031,26,55,1993,295.96,310.0,0,0,2457
1001032,26,86,1062,177.83,180.0,0,0,1830
1001033,26,86,1109,229.06,285.0,1,0,4828
1001034,26,86,1207,314.98,320.0,0,0,1362
1001035,26,86,1230,148.01,150.0,0,0,1787
1001036,26,86,1525,209.55,240.0,0,1,1939
1001037,26,86,1778,176.42,190.0,0,0,2564
1001038,26,86,1885,186.45,220.0,1,0,2001
1001039,26,86,1993,305.68,310.0,0,0,3147
1001040,27,10,1062,181.82,180.0,0,0,1707
1001041,27,10,1109,275.42,285.0,0,0,3144
1001042,27,10,1207,299.1,320.0,0,0,1335
1001043,27,10,1230,145.45,150.0,0,0,1550
1001044,27,10,1525,220.89,240.0,0,0,1166
1001045,27,10,1778,192.38,190.0,0,0,1843
1001046,27,10,1885,204.65,220.0,0,0,1393
1001047,27,10,1993,307.1,310.0,0,0,2693
1001048,27,13,1062,182.2,180.0,0,0,2770
1001049,27,13,1109,270.28,285.0,0,0,2965
1001050,27,13,1207,250.55,320.0,1,0,2076
1001051,27,13,1230,141.36,150.0,0,0,2038
1001052,27,13,1525,234.31,240.0,0,0,1213
1001053,27,13,1778,184.96,190.0,0,0,2306
1001054,27,13,1885,181.62,220.0,0,1,2550
1001055,27,13,1993,235.22,310.0,1,0,5544
1001056,27,24,1062,183.59,180.0,0,0,2627
1001057,27,24,1109,265.44,285.0,0,0,4833
1001058,27,24,1207,246.64,320.0,0,1,3308
1001059,27,24,1230,147.41,150.0,0,0,2174
1001060,27,24,1525,232.1,240.0,0,0,1362
1001061,27,24,1778,189.3,190.0,0,0,2518
1001062,27,24,1885,216.28,220.0,0,0,1447
1001063,27,24,1993,254.91,310.0,1,0,6556
1001064,27,55,1062,177.47,180.0,0,0,1614
1001065,27,55,1109,292.92,285.0,0,0,2301
1001066,27,55,1207,313.46,320.0,0,0,1165
1001067,27,55,1230,138.05,150.0,0,0,1383
1001068,27,55,1525,223.97,240.0,0,0,822
1001069,27,55,1778,177.74,190.0,0,0,1710
1001070,27,55,1885,220.81,220.0,0,0,940
1001071,27,55,1993,312.15,310.0,0,0,2465
1001072,27,86,1062,166.9,180.0,0,0,2269
1001073,27,86,1109,263.28,285.0,0,0,2879
1001074,27,86,1207,305.96,320.0,0,0,1430
1001075,27,86,1230,149.35,150.0,0,0,1947
1001076,27,86,1525,227.53,240.0,0,0,1094
1001077,27,86,1778,179.33,190.0,0,0,1942
1001078,27,86,1885,208.42,220.0,0,0,1083
1001079,27,86,1993,273.93,310.0,1,0,4223
1001080,28,10,1062,169.39,180.0,0,0,1820
1001081,28,10,1109,269.58,285.0,0,0,3033
1001082,28,10,1207,296.34,320.0,0,0,1160
1001083,28,10,1230,146.08,150.0,0,0,1779
1001084,28,10,1525,226.02,240.0,0,0,1065
1001085,28,10,1778,178.73,190.0,0,0,2166
1001086,28,10,1885,205.82,220.0,0,0,1236
1001087,28,10,1993,310.7,310.0,0,0,2738
1001088,28,13,1062,184.34,180.0,0,0,2041
1001089,28,13,1109,288.27,285.0,0,0,3783
1001090,28,13,1207,322.94,320.0,0,0,1444
1001091,28,13,1230,140.83,150.0,0,0,2303
1001092,28,13,1525,244.42,240.0,0,0,1254
1001093,28,13,1778,177.32,190.0,0,0,2741
1001094,28,13,1885,184.54,220.0,0,1,2253
1001095,28,13,1993,310.82,310.0,0,0,3550
1001096,28,24,1062,170.04,180.0,0,0,2282
1001097,28,24,1109,214.79,285.0,1,0,6019
1001098,28,24,1207,317.49,320.0,0,0,1253
1001099,28,24,1230,146.12,150.0,0,0,2320
1001100,28,24,1525,240.6,240.0,0,0,1403
1001101,28,24,1778,186.88,190.0,0,0,2557
1001102,28,24,1885,206.75,220.0,0,0,1437
1001103,28,24,1993,293.65,310.0,0,0,4975
1001104,28,55,1062,173.6,180.0,0,0,1412
1001105,28,55,1109,291.83,285.0,0,0,2018
1001106,28,55,1207,321.87,320.0,0,0,970
1001107,28,55,1230,153.38,150.0,0,0,1233
1001108,28,55,1525,235.83,240.0,0,0,797
1001109,28,55,1778,182.71,190.0,0,0,1412
1001110,28,55,1885,196.83,220.0,0,1,1350
1001111,28,55,1993,304.15,310.0,0,0,2185
1001112,28,86,1062,168.34,180.0,0,0,1958
1001113,28,86,1109,262.61,285.0,0,0,3531
1001114,28,86,1207,310.65,320.0,0,0,1353
1001115,28,86,1230,125.92,150.0,0,1,2576
1001116,28,86,1525,238.29,240.0,0,0,976
1001117,28,86,1778,165.67,190.0,0,1,3149
1001118,28,86,1885,216.5,220.0,0,0,1312
1001119,28,86,1993,308.04,310.0,0,0,3028
1001120,29,10,1062,184.21,180.0,0,0,1555
1001121,29,10,1109,269.0,285.0,0,0,2498
1001122,29,10,1207,325.24,320.0,0,0,1238
1001123,29,10,1230,113.5,150.0,0,1,2650
1001124,29,10,1525,242.74,240.0,0,0,1167
1001125,29,10,1778,178.57,190.0,0,0,2071
1001126,29,10,1885,219.72,220.0,0,0,1012
1001127,29,10,1993,313.85,310.0,0,0,2476
1001128,29,13,1062,179.26,180.0,0,0,2420
1001129,29,13,1109,288.67,285.0,0,0,3102
1001130,29,13,1207,269.89,320.0,0,1,2257
1001131,29,13,1230,138.77,150.0,0,0,1893
1001132,29,13,1525,209.55,240.0,0,1,2052
1001133,29,13,1778,193.43,190.0,0,0,2246
1001134,29,13,1885,207.84,220.0,0,0,1543
1001135,29,13,1993,287.31,310.0,0,0,3156
1001136,29,24,1062,173.02,180.0,0,0,2159
1001137,29,24,1109,288.89,285.0,0,0,3140
1001138,29,24,1207,316.15,320.0,0,0,1577
1001139,29,24,1230,143.89,150.0,0,0,2031
1001140,29,24,1525,237.63,240.0,0,0,1298
1001141,29,24,1778,191.93,190.0,0,0,2739
1001142,29,24,1885,218.3,220.0,0,0,1332
1001143,29,24,1993,267.8,310.0,1,0,6664
1001144,29,55,1062,158.03,180.0,0,1,2065
1001145,29,55,1109,235.81,285.0,0,1,3348
1001146,29,55,1207,297.0,320.0,0,0,1039
1001147,29,55,1230,145.36,150.0,0,0,1092
1001148,29,55,1525,242.81,240.0,0,0,742
1001149,29,55,1778,188.62,190.0,0,0,1590
1001150,29,55,1885,212.14,220.0,0,0,846
1001151,29,55,1993,287.96,310.0,0,0,1991
1001152,29,86,1062,166.36,180.0,0,0,1873
1001153,29,86,1109,275.71,285.0,0,0,2142
1001154,29,86,1207,317.57,320.0,0,0,1422
1001155,29,86,1230,138.97,150.0,0,0,1660
1001156,29,86,1525,225.95,240.0,0,0,1079
1001157,29,86,1778,151.8,190.0,1,0,3744
1001158,29,86,1885,217.96,220.0,0,0,1043
1001159,29,86,1993,312.34,310.0,0,0,3180
1001160,30,10,1062,175.84,180.0,0,0,1617
1001161,30,10,1109,271.38,285.0,0,0,2090
1001162,30,10,1207,325.25,320.0,0,0,1249
1001163,30,10,1230,151.97,150.0,0,0,1303
1001164,30,10,1525,227.89,240.0,0,0,858
1001165,30,10,1778,145.42,190.0,0,1,3805
1001166,30,10,1885,206.86,220.0,0,0,967
1001167,30,10,1993,307.71,310.0,0,0,3329
1001168,30,13,1062,141.03,180.0,0,1,3541
1001169,30,13,1109,271.4,285.0,0,0,3324
1001170,30,13,1207,322.68,320.0,0,0,1472
1001171,30,13,1230,147.32,150.0,0,0,1479
1001172,30,13,1525,222.64,240.0,0,0,1055
1001173,30,13,1778,167.54,190.0,1,0,3478
1001174,30,13,1885,212.94,220.0,0,0,1174
1001175,30,13,1993,286.23,310.0,0,0,3733
1001176,30,24,1062,170.31,180.0,0,0,2145
1001177,30,24,1109,274.66,285.0,0,0,3737
1001178,30,24,1207,317.83,320.0,0,0,1377
1001179,30,24,1230,153.1,150.0,0,0,1976
1001180,30,24,1525,235.64,240.0,0,0,1410
1001181,30,24,1778,176.42,190.0,0,0,2312
1001182,30,24,1885,208.76,220.0,0,0,1514
1001183,30,24,1993,318.89,310.0,0,0,3530
1001184,30,55,1062,175.8,180.0,0,0,1713
1001185,30,55,1109,280.1,285.0,0,0,2089
1001186,30,55,1207,247.8,320.0,1,1,1868
1001187,30,55,1230,153.48,150.0,0,0,1045
1001188,30,55,1525,214.69,240.0,0,1,1354
1001189,30,55,1778,194.87,190.0,0,0,1402
1001190,30,55,1885,212.78,220.0,0,0,751
1001191,30,55,1993,315.91,310.0,0,0,1910
1001192,30,86,1062,166.19,180.0,0,0,2006
1001193,30,86,1109,273.78,285.0,0,0,3132
1001194,30,86,1207,302.93,320.0,0,0,1177
1001195,30,86,1230,124.07,150.0,0,1,2372
1001196,30,86,1525,232.77,240.0,0,0,990
1001197,30,86,1778,184.94,190.0,0,0,1826
1001198,30,86,1885,166.2,220.0,1,1,2985
1001199,30,86,1993,235.64,310.0,1,0,4336
1001200,31,10,1062,173.88,180.0,0,0,1668
1001201,31,10,1109,265.36,285.0,0,0,3131
1001202,31,10,1207,318.7,320.0,0,0,1251
1001203,31,10,1230,142.02,150.0,0,0,1711
1001204,31,10,1525,230.92,240.0,0,0,996
1001205,31,10,1778,175.12,190.0,0,0,1972
1001206,31,10,1885,221.67,220.0,0,0,1015
1001207,31,10,1993,277.4,310.0,0,1,5166
1001208,31,13,1062,167.87,180.0,0,0,2157
1001209,31,13,1109,267.54,285.0,0,0,2929
1001210,31,13,1207,303.15,320.0,0,0,1457
1001211,31,13,1230,149.95,150.0,0,0,1803
1001212,31,13,1525,227.0,240.0,0,0,1289
1001213,31,13,1778,162.94,190.0,1,0,3725
1001214,31,13,1885,211.04,220.0,0,0,1474
1001215,31,13,1993,313.14,310.0,0,0,3127
1001216,31,24,1062,178.94,180.0,0,0,2166
1001217,31,24,1109,270.28,285.0,0,0,4133
1001218,31,24,1207,273.6,320.0,0,1,2262
1001219,31,24,1230,153.55,150.0,0,0,1902
1001220,31,24,1525,243.19,240.0,0,0,1528
1001221,31,24,1778,187.12,190.0,0,0,2833
1001222,31,24,1885,175.17,220.0,0,1,2444
1001223,31,24,1993,304.95,310.0,0,0,3846
1001224,31,55,1062,171.2,180.0,0,0,1550
1001225,31,55,1109,278.66,285.0,0,0,2062
1001226,31,55,1207,305.06,320.0,0,0,850
1001227,31,55,1230,140.02,150.0,0,0,1177
1001228,31,55,1525,232.48,240.0,0,0,633
1001229,31,55,1778,189.33,190.0,0,0,1459
1001230,31,55,1885,219.39,220.0,0,0,802
1001231,31,55,1993,307.95,310.0,0,0,2497
1001232,31,86,1062,165.84,180.0,0,0,1683
1001233,31,86,1109,271.3,285.0,0,0,2787
1001234,31,86,1207,283.36,320.0,0,1,1775
1001235,31,86,1230,134.51,150.0,0,1,2697
1001236,31,86,1525,234.85,240.0,0,0,915
1001237,31,86,1778,170.7,190.0,1,0,3561
1001238,31,86,1885,216.13,220.0,0,0,959
1001239,31,86,1993,288.82,310.0,0,0,4072
1001240,32,10,1062,167.05,180.0,0,0,1788
1001241,32,10,1109,263.49,285.0,0,0,2843
1001242,32,10,1207,319.65,320.0,0,0,1064
1001243,32,10,1230,121.98,150.0,0,1,2123
1001244,32,10,1525,200.18,240.0,1,0,1272
1001245,32,10,1778,162.36,190.0,0,1,3099
1001246,32,10,1885,218.5,220.0,0,0,1147
1001247,32,10,1993,234.9,310.0,1,0,4777
1001248,32,13,1062,136.06,180.0,1,0,3293
1001249,32,13,1109,271.83,285.0,0,0,3108
1001250,32,13,1207,319.48,320.0,0,0,1646
1001251,32,13,1230,138.37,150.0,0,0,2289
1001252,32,13,1525,231.27,240.0,0,0,1199
1001253,32,13,1778,175.0,190.0,0,0,2024
1001254,32,13,1885,207.91,220.0,0,0,1251
1001255,32,13,1993,292.64,310.0,0,0,3059
1001256,32,24,1062,173.99,180.0,0,0,2578
1001257,32,24,1109,277.73,285.0,0,0,3266
1001258,32,24,1207,256.88,320.0,0,1,1996
1001259,32,24,1230,140.25,150.0,0,0,2166
1001260,32,24,1525,224.29,240.0,0,0,1603
1001261,32,24,1778,157.95,190.0,0,1,4498
1001262,32,24,1885,220.7,220.0,0,0,1301
1001263,32,24,1993,304.18,310.0,0,0,3316
1001264,32,55,1062,171.78,180.0,0,0,1462
1001265,32,55,1109,239.99,285.0,1,1,3654
1001266,32,55,1207,312.32,320.0,0,0,801
1001267,32,55,1230,147.72,150.0,0,0,1047
1001268,32,55,1525,221.24,240.0,0,0,847
1001269,32,55,1778,193.85,190.0,0,0,1246
1001270,32,55,1885,178.33,220.0,0,1,1276
1001271,32,55,1993,239.76,310.0,0,1,4060
1001272,32,86,1062,182.75,180.0,0,0,1646
1001273,32,86,1109,289.61,285.0,0,0,2334
1001274,32,86,1207,322.08,320.0,0,0,1404
1001275,32,86,1230,148.05,150.0,0,0,1423
1001276,32,86,1525,226.08,240.0,0,0,947
1001277,32,86,1778,177.76,190.0,0,0,1891
1001278,32,86,1885,209.97,220.0,0,0,1103
1001279,32,86,1993,259.97,310.0,0,1,4801
1001280,33,10,1062,170.23,180.0,0,0,1903
1001281,33,10,1109,270.76,285.0,0,0,2441
1001282,33,10,1207,321.67,320.0,0,0,1244
1001283,33,10,1230,142.1,150.0,0,0,1741
1001284,33,10,1525,234.67,240.0,0,0,1049
1001285,33,10,1778,182.5,190.0,0,0,1581
1001286,33,10,1885,190.32,220.0,0,1,1391
1001287,33,10,1993,308.29,310.0,0,0,2705
1001288,33,13,1062,182.76,180.0,0,0,1819
1001289,33,13,1109,269.48,285.0,0,0,3178
1001290,33,13,1207,300.23,320.0,0,0,1688
1001291,33,13,1230,153.93,150.0,0,0,1810
1001292,33,13,1525,200.34,240.0,0,1,1967
1001293,33,13,1778,179.08,190.0,0,0,1901
1001294,33,13,1885,193.2,220.0,0,1,1996
1001295,33,13,1993,248.8,310.0,0,1,6246
1001296,33,24,1062,173.0,180.0,0,0,2203
1001297,33,24,1109,274.41,285.0,0,0,3230
1001298,33,24,1207,325.64,320.0,0,0,1355
1001299,33,24,1230,138.04,150.0,0,0,2243
1001300,33,24,1525,222.63,240.0,0,0,1458
1001301,33,24,1778,194.34,190.0,0,0,2535
1001302,33,24,1885,210.93,220.0,0,0,1488
1001303,33,24,1993,304.33,310.0,0,0,3393
1001304,33,55,1062,139.69,180.0,1,0,2035
1001305,33,55,1109,236.45,285.0,1,0,3601
1001306,33,55,1207,318.63,320.0,0,0,797
1001307,33,55,1230,146.62,150.0,0,0,1107
1001308,33,55,1525,229.72,240.0,0,0,677
1001309,33,55,1778,182.0,190.0,0,0,1588
1001310,33,55,1885,169.3,220.0,1,0,1313
1001311,33,55,1993,247.81,310.0,0,1,4004
1001312,33,86,1062,177.06,180.0,0,0,1820
1001313,33,86,1109,217.55,285.0,0,1,4065
1001314,33,86,1207,327.88,320.0,0,0,1132
1001315,33,86,1230,152.99,150.0,0,0,1650
1001316,33,86,1525,242.27,240.0,0,0,938
1001317,33,86,1778,147.05,190.0,1,0,3080
1001318,33,86,1885,179.1,220.0,1,1,2209
1001319,33,86,1993,309.95,310.0,0,0,3157
1001320,34,10,1062,145.11,180.0,1,0,3092
1001321,34,10,1109,282.5,285.0,0,0,2598
1001322,34,10,1207,305.8,320.0,0,0,1026
1001323,34,10,1230,144.95,150.0,0,0,1508
1001324,34,10,1525,228.63,240.0,0,0,1035
1001325,34,10,1778,189.13,190.0,0,0,1897
1001326,34,10,1885,178.87,220.0,0,1,1857
1001327,34,10,1993,302.44,310.0,0,0,2523
1001328,34,13,1062,182.54,180.0,0,0,1910
1001329,34,13,1109,273.3,285.0,0,0,3533
1001330,34,13,1207,305.54,320.0,0,0,1579
1001331,34,13,1230,147.81,150.0,0,0,1770
1001332,34,13,1525,239.42,240.0,0,0,1207
1001333,34,13,1778,190.15,190.0,0,0,1758
1001334,34,13,1885,176.33,220.0,0,1,2103
1001335,34,13,1993,309.02,310.0,0,0,3343
1001336,34,24,1062,183.56,180.0,0,0,2467
1001337,34,24,1109,273.38,285.0,0,0,3285
1001338,34,24,1207,279.99,320.0,0,1,2762
1001339,34,24,1230,143.24,150.0,0,0,1721
1001340,34,24,1525,246.17,240.0,0,0,1350
1001341,34,24,1778,174.98,190.0,0,0,2572
1001342,34,24,1885,210.28,220.0,0,0,1275
1001343,34,24,1993,242.7,310.0,0,1,6955
1001344,34,55,1062,172.91,180.0,0,0,1084
1001345,34,55,1109,264.2,285.0,0,0,1642
1001346,34,55,1207,298.81,320.0,0,0,819
1001347,34,55,1230,114.48,150.0,1,0,1974
1001348,34,55,1525,240.41,240.0,0,0,821
1001349,34,55,1778,190.79,190.0,0,0,1191
1001350,34,55,1885,212.18,220.0,0,0,783
1001351,34,55,1993,312.09,310.0,0,0,2124
1001352,34,86,1062,166.28,180.0,0,0,1838
1001353,34,86,1109,262.91,285.0,0,0,3007
1001354,34,86,1207,319.06,320.0,0,0,1135
1001355,34,86,1230,153.04,150.0,0,0,1377
1001356,34,86,1525,230.58,240.0,0,0,902
1001357,34,86,1778,189.82,190.0,0,0,1847
1001358,34,86,1885,194.03,220.0,1,1,2312
1001359,34,86,1993,304.1,310.0,0,0,2908
1001360,35,10,1062,181.96,180.0,0,0,1833
1001361,35,10,1109,233.64,285.0,1,0,3372
1001362,35,10,1207,300.87,320.0,0,0,1324
1001363,35,10,1230,147.72,150.0,0,0,1358
1001364,35,10,1525,236.18,240.0,0,0,869
1001365,35,10,1778,185.12,190.0,0,0,1709
1001366,35,10,1885,205.99,220.0,0,0,1039
1001367,35,10,1993,319.01,310.0,0,0,2871
1001368,35,13,1062,149.7,180.0,1,0,2947
1001369,35,13,1109,279.67,285.0,0,0,2917
1001370,35,13,1207,300.98,320.0,0,0,1193
1001371,35,13,1230,140.81,150.0,0,0,1802
1001372,35,13,1525,224.31,240.0,0,0,1090
1001373,35,13,1778,182.6,190.0,0,0,2660
1001374,35,13,1885,214.98,220.0,0,0,1607
1001375,35,13,1993,303.92,310.0,0,0,3010
1001376,35,24,1062,175.65,180.0,0,0,2177
1001377,35,24,1109,283.03,285.0,0,0,2849
1001378,35,24,1207,307.37,320.0,0,0,1366
1001379,35,24,1230,120.98,150.0,0,1,3273
1001380,35,24,1525,241.38,240.0,0,0,1193
1001381,35,24,1778,186.94,190.0,0,0,2166
1001382,35,24,1885,165.51,220.0,0,1,2210
1001383,35,24,1993,234.09,310.0,0,1,7212
1001384,35,55,1062,180.54,180.0,0,0,1349
1001385,35,55,1109,265.57,285.0,0,0,2111
1001386,35,55,1207,276.08,320.0,1,0,1399
1001387,35,55,1230,149.86,150.0,0,0,1183
1001388,35,55,1525,246.68,240.0,0,0,605
1001389,35,55,1778,147.47,190.0,1,0,2016
1001390,35,55,1885,207.48,220.0,0,0,771
1001391,35,55,1993,306.73,310.0,0,0,2068
1001392,35,86,1062,177.47,180.0,0,0,1699
1001393,35,86,1109,265.41,285.0,0,0,2872
1001394,35,86,1207,243.05,320.0,0,1,2218
1001395,35,86,1230,140.47,150.0,0,0,1627
1001396,35,86,1525,245.88,240.0,0,0,963
1001397,35,86,1778,195.35,190.0,0,0,1633
1001398,35,86,1885,193.28,220.0,0,1,1726
1001399,35,86,1993,291.25,310.0,0,0,2864
1001400,36,10,1062,149.59,180.0,1,0,2337
1001401,36,10,1109,269.56,285.0,0,0,2517
1001402,36,10,1207,306.78,320.0,0,0,1141
1001403,36,10,1230,138.62,150.0,0,0,1450
1001404,36,10,1525,193.43,240.0,0,1,1720
1001405,36,10,1778,185.21,190.0,0,0,1701
1001406,36,10,1885,223.39,220.0,0,0,1206
1001407,36,10,1993,239.32,310.0,1,0,5418
1001408,36,13,1062,159.55,180.0,0,1,3228
1001409,36,13,1109,290.38,285.0,0,0,2697
1001410,36,13,1207,301.83,320.0,0,0,1444
1001411,36,13,1230,140.08,150.0,0,0,1517
1001412,36,13,1525,231.53,240.0,0,0,1094
1001413,36,13,1778,179.84,190.0,0,0,1984
1001414,36,13,1885,206.89,220.0,0,0,1251
1001415,36,13,1993,305.86,310.0,0,0,3391
1001416,36,24,1062,176.06,180.0,0,0,2470
1001417,36,24,1109,283.1,285.0,0,0,3230
1001418,36,24,1207,321.21,320.0,0,0,1443
1001419,36,24,1230,129.63,150.0,0,1,3496
1001420,36,24,1525,242.74,240.0,0,0,1006
1001421,36,24,1778,155.49,190.0,1,0,3663
1001422,36,24,1885,215.78,220.0,0,0,1351
1001423,36,24,1993,303.69,310.0,0,0,3729
1001424,36,55,1062,171.36,180.0,0,0,1266
1001425,36,55,1109,275.88,285.0,0,0,1821
1001426,36,55,1207,327.76,320.0,0,0,783
1001427,36,55,1230,142.58,150.0,0,0,1139
1001428,36,55,1525,243.86,240.0,0,0,686
1001429,36,55,1778,144.1,190.0,1,0,2022
1001430,36,55,1885,204.26,220.0,0,0,685
1001431,36,55,1993,285.57,310.0,0,0,2224
1001432,36,86,1062,184.37,180.0,0,0,1659
1001433,36,86,1109,284.63,285.0,0,0,2936
1001434,36,86,1207,310.6,320.0,0,0,1149
1001435,36,86,1230,141.27,150.0,0,0,1391
1001436,36,86,1525,244.34,240.0,0,0,976
1001437,36,86,1778,185.51,190.0,0,0,1980
1001438,36,86,1885,212.57,220.0,0,0,1017
1001439,36,86,1993,277.49,310.0,1,0,4129
1001440,37,10,1062,182.71,180.0,0,0,1527
1001441,37,10,1109,281.88,285.0,0,0,2474
1001442,37,10,1207,315.26,320.0,0,0,1036
1001443,37,10,1230,145.8,150.0,0,0,1418
1001444,37,10,1525,241.98,240.0,0,0,984
1001445,37,10,1778,143.35,190.0,0,1,2742
1001446,37,10,1885,171.99,220.0,1,0,1535
1001447,37,10,1993,297.38,310.0,0,0,2597
1001448,37,13,1062,171.7,180.0,0,0,1871
1001449,37,13,1109,291.28,285.0,0,0,2605
1001450,37,13,1207,297.21,320.0,0,0,1270
1001451,37,13,1230,148.94,150.0,0,0,1666
1001452,37,13,1525,198.13,240.0,0,1,1791
1001453,37,13,1778,178.91,190.0,0,0,1992
1001454,37,13,1885,217.56,220.0,0,0,1234
1001455,37,13,1993,306.79,310.0,0,0,2986
1001456,37,24,1062,183.0,180.0,0,0,2405
1001457,37,24,1109,288.08,285.0,0,0,2634
1001458,37,24,1207,306.92,320.0,0,0,1640
1001459,37,24,1230,152.93,150.0,0,0,1867
1001460,37,24,1525,227.22,240.0,0,0,1140
1001461,37,24,1778,193.9,190.0,0,0,2409
1001462,37,24,1885,218.43,220.0,0,0,1335
1001463,37,24,1993,296.67,310.0,0,0,3552
1001464,37,55,1062,183.01,180.0,0,0,1175
1001465,37,55,1109,277.85,285.0,0,0,1896
1001466,37,55,1207,273.45,320.0,0,1,1187
1001467,37,55,1230,122.64,150.0,0,1,2035
1001468,37,55,1525,240.45,240.0,0,0,767
1001469,37,55,1778,183.94,190.0,0,0,1327
1001470,37,55,1885,221.58,220.0,0,0,838
1001471,37,55,1993,303.88,310.0,0,0,2069
1001472,37,86,1062,166.56,180.0,0,0,1937
1001473,37,86,1109,290.94,285.0,0,0,2373
1001474,37,86,1207,302.04,320.0,0,0,1109
1001475,37,86,1230,147.19,150.0,0,0,1099
1001476,37,86,1525,233.32,240.0,0,0,931
1001477,37,86,1778,190.07,190.0,0,0,2077
1001478,37,86,1885,209.09,220.0,0,0,1315
1001479,37,86,1993,255.31,310.0,1,0,4826
1001480,38,10,1062,183.79,180.0,0,0,1426
1001481,38,10,1109,225.84,285.0,1,1,4099
1001482,38,10,1207,321.04,320.0,0,0,999
1001483,38,10,1230,149.78,150.0,0,0,1432
1001484,38,10,1525,230.01,240.0,0,0,910
1001485,38,10,1778,143.07,190.0,1,0,3408
1001486,38,10,1885,226.42,220.0,0,0,914
1001487,38,10,1993,286.28,310.0,0,0,2791
1001488,38,13,1062,166.69,180.0,0,0,1910
1001489,38,13,1109,278.82,285.0,0,0,2922
1001490,38,13,1207,317.04,320.0,0,0,1285
1001491,38,13,1230,148.92,150.0,0,0,1426
1001492,38,13,1525,241.67,240.0,0,0,1091
1001493,38,13,1778,163.97,190.0,0,1,3736
1001494,38,13,1885,213.11,220.0,0,0,1104
1001495,38,13,1993,259.76,310.0,0,1,5720
1001496,38,24,1062,165.79,180.0,0,0,2277
1001497,38,24,1109,266.68,285.0,0,0,2819
1001498,38,24,1207,322.44,320.0,0,0,1387
1001499,38,24,1230,138.98,150.0,0,0,2094
1001500,38,24,1525,185.16,240.0,1,0,1801
1001501,38,24,1778,176.57,190.0,0,0,2398
1001502,38,24,1885,202.68,220.0,0,0,1329
1001503,38,24,1993,313.95,310.0,0,0,3437
1001504,38,55,1062,180.09,180.0,0,0,1416
1001505,38,55,1109,277.4,285.0,0,0,1981
1001506,38,55,1207,310.14,320.0,0,0,708
1001507,38,55,1230,134.27,150.0,1,0,1572
1001508,38,55,1525,221.62,240.0,0,0,687
1001509,38,55,1778,174.87,190.0,0,0,1433
1001510,38,55,1885,204.66,220.0,0,0,840
1001511,38,55,1993,262.85,310.0,0,1,2937
1001512,38,86,1062,166.61,180.0,0,0,1931
1001513,38,86,1109,253.48,285.0,1,0,3514
1001514,38,86,1207,306.44,320.0,0,0,1232
1001515,38,86,1230,139.24,150.0,0,0,1693
1001516,38,86,1525,196.99,240.0,0,1,1675
1001517,38,86,1778,195.49,190.0,0,0,1631
1001518,38,86,1885,203.6,220.0,0,0,984
1001519,38,86,1993,309.11,310.0,0,0,2272
1001520,39,10,1062,166.27,180.0,0,0,1638
1001521,39,10,1109,223.13,285.0,1,0,3593
1001522,39,10,1207,265.23,320.0,0,1,1937
1001523,39,10,1230,143.23,150.0,0,0,1508
1001524,39,10,1525,185.56,240.0,1,0,1525
1001525,39,10,1778,180.5,190.0,0,0,2112
1001526,39,10,1885,221.14,220.0,0,0,1049
1001527,39,10,1993,232.57,310.0,0,1,4522
1001528,39,13,1062,152.14,180.0,1,0,2975
1001529,39,13,1109,293.26,285.0,0,0,3093
1001530,39,13,1207,255.87,320.0,1,0,2055
1001531,39,13,1230,141.22,150.0,0,0,1866
1001532,39,13,1525,234.14,240.0,0,0,1106
1001533,39,13,1778,186.46,190.0,0,0,1939
1001534,39,13,1885,212.43,220.0,0,0,1104
1001535,39,13,1993,234.58,310.0,1,0,6062
1001536,39,24,1062,181.76,180.0,0,0,1878
1001537,39,24,1109,275.99,285.0,0,0,3359
1001538,39,24,1207,309.81,320.0,0,0,1551
1001539,39,24,1230,145.11,150.0,0,0,1915
1001540,39,24,1525,227.68,240.0,0,0,1302
1001541,39,24,1778,194.67,190.0,0,0,2164
1001542,39,24,1885,215.61,220.0,0,0,1235
1001543,39,24,1993,310.01,310.0,0,0,2996
1001544,39,55,1062,167.17,180.0,0,0,1421
1001545,39,55,1109,268.25,285.0,0,0,2433
1001546,39,55,1207,281.8,320.0,0,1,1423
1001547,39,55,1230,141.89,150.0,0,0,1092
1001548,39,55,1525,212.33,240.0,0,1,1020
1001549,39,55,1778,180.54,190.0,0,0,1489
1001550,39,55,1885,214.86,220.0,0,0,878
1001551,39,55,1993,295.67,310.0,0,0,2101
1001552,39,86,1062,177.24,180.0,0,0,1756
1001553,39,86,1109,282.95,285.0,0,0,2305
1001554,39,86,1207,326.59,320.0,0,0,1301
1001555,39,86,1230,139.74,150.0,0,0,1470
1001556,39,86,1525,223.48,240.0,0,0,1043
1001557,39,86,1778,146.35,190.0,0,1,3567
1001558,39,86,1885,220.81,220.0,0,0,891
1001559,39,86,1993,309.2,310.0,0,0,2608
1001560,40,10,1062,178.53,180.0,0,0,1671
1001561,40,10,1109,270.21,285.0,0,0,2560
1001562,40,10,1207,317.43,320.0,0,0,1019
1001563,40,10,1230,115.68,150.0,1,0,2461
1001564,40,10,1525,232.54,240.0,0,0,1149
1001565,40,10,1778,189.23,190.0,0,0,1827
1001566,40,10,1885,185.7,220.0,0,1,1763
1001567,40,10,1993,268.87,310.0,1,0,3221
1001568,40,13,1062,174.27,180.0,0,0,2094
1001569,40,13,1109,284.31,285.0,0,0,3188
1001570,40,13,1207,316.26,320.0,0,0,1237
1001571,40,13,1230,145.51,150.0,0,0,1369
1001572,40,13,1525,244.6,240.0,0,0,1139
1001573,40,13,1778,187.02,190.0,0,0,1909
1001574,40,13,1885,190.39,220.0,1,0,1973
1001575,40,13,1993,259.11,310.0,1,0,4498
1001576,40,24,1062,152.89,180.0,0,1,3479
1001577,40,24,1109,282.75,285.0,0,0,3684
1001578,40,24,1207,296.38,320.0,0,0,1567
1001579,40,24,1230,138.09,150.0,0,0,1775
1001580,40,24,1525,180.26,240.0,0,1,1913
1001581,40,24,1778,193.89,190.0,0,0,2158
1001582,40,24,1885,170.38,220.0,1,0,2016
1001583,40,24,1993,309.58,310.0,0,0,3172
1001584,40,55,1062,166.09,180.0,0,0,1352
1001585,40,55,1109,219.31,285.0,0,1,3187
1001586,40,55,1207,314.47,320.0,0,0,920
1001587,40,55,1230,153.6,150.0,0,0,928
1001588,40,55,1525,233.92,240.0,0,0,791
1001589,40,55,1778,178.87,190.0,0,0,1286
1001590,40,55,1885,206.61,220.0,0,0,733
1001591,40,55,1993,309.56,310.0,0,0,1694
1001592,40,86,1062,183.46,180.0,0,0,1531
1001593,40,86,1109,278.99,285.0,0,0,2558
1001594,40,86,1207,303.57,320.0,0,0,984
1001595,40,86,1230,153.64,150.0,0,0,1291
1001596,40,86,1525,198.82,240.0,1,0,1456
1001597,40,86,1778,180.87,190.0,0,0,1831
1001598,40,86,1885,203.0,220.0,0,0,1059
1001599,40,86,1993,305.49,310.0,0,0,2928
1001600,41,10,1062,148.19,180.0,0,1,2614
1001601,41,10,1109,263.2,285.0,0,0,2303
1001602,41,10,1207,325.34,320.0,0,0,1027
1001603,41,10,1230,153.32,150.0,0,0,1175
1001604,41,10,1525,223.22,240.0,0,0,1078
1001605,41,10,1778,182.45,190.0,0,0,1572
1001606,41,10,1885,166.39,220.0,1,0,1712
1001607,41,10,1993,313.17,310.0,0,0,2388
1001608,41,13,1062,175.44,180.0,0,0,1965
1001609,41,13,1109,279.92,285.0,0,0,2669
1001610,41,13,1207,302.54,320.0,0,0,1463
1001611,41,13,1230,146.82,150.0,0,0,1522
1001612,41,13,1525,241.74,240.0,0,0,970
1001613,41,13,1778,176.87,190.0,0,0,2130
1001614,41,13,1885,214.7,220.0,0,0,1039
1001615,41,13,1993,249.08,310.0,0,1,5181
1001616,41,24,1062,155.76,180.0,0,1,3650
1001617,41,24,1109,262.89,285.0,0,0,3555
1001618,41,24,1207,319.33,320.0,0,0,1392
1001619,41,24,1230,147.7,150.0,0,0,1656
1001620,41,24,1525,208.43,240.0,0,1,2435
1001621,41,24,1778,152.5,190.0,1,0,4311
1001622,41,24,1885,218.84,220.0,0,0,1319
1001623,41,24,1993,303.1,310.0,0,0,3280
1001624,41,55,1062,175.54,180.0,0,0,1364
1001625,41,55,1109,292.08,285.0,0,0,1682
1001626,41,55,1207,324.8,320.0,0,0,847
1001627,41,55,1230,124.34,150.0,1,0,1600
1001628,41,55,1525,186.5,240.0,0,1,1326
1001629,41,55,1778,175.72,190.0,0,0,1160
1001630,41,55,1885,203.52,220.0,0,0,706
1001631,41,55,1993,306.95,310.0,0,0,2215
1001632,41,86,1062,181.46,180.0,0,0,1562
1001633,41,86,1109,279.88,285.0,0,0,2588
1001634,41,86,1207,302.45,320.0,0,0,1283
1001635,41,86,1230,149.5,150.0,0,0,1448
1001636,41,86,1525,243.05,240.0,0,0,875
1001637,41,86,1778,154.48,190.0,1,0,2759
1001638,41,86,1885,218.24,220.0,0,0,1010
1001639,41,86,1993,293.15,310.0,0,0,2916
1001640,42,10,1062,174.84,180.0,0,0,1534
1001641,42,10,1109,287.55,285.0,0,0,2204
1001642,42,10,1207,321.1,320.0,0,0,1059
1001643,42,10,1230,141.02,150.0,0,0,1355
1001644,42,10,1525,231.26,240.0,0,0,891
1001645,42,10,1778,192.52,190.0,0,0,1751
1001646,42,10,1885,212.42,220.0,0,0,901
1001647,42,10,1993,304.0,310.0,0,0,3310
1001648,42,13,1062,169.88,180.0,0,0,2346
1001649,42,13,1109,281.54,285.0,0,0,2553
1001650,42,13,1207,278.15,320.0,0,1,2335
1001651,42,13,1230,146.52,150.0,0,0,1651
1001652,42,13,1525,187.1,240.0,0,1,2019
1001653,42,13,1778,184.83,190.0,0,0,2095
1001654,42,13,1885,223.43,220.0,0,0,1120
1001655,42,13,1993,313.06,310.0,0,0,3117
1001656,42,24,1062,173.06,180.0,0,0,2223
1001657,42,24,1109,273.57,285.0,0,0,3079
1001658,42,24,1207,317.79,320.0,0,0,1411
1001659,42,24,1230,154.2,150.0,0,0,2091
1001660,42,24,1525,239.02,240.0,0,0,1259
1001661,42,24,1778,183.32,190.0,0,0,2578
1001662,42,24,1885,190.19,220.0,0,1,1907
1001663,42,24,1993,267.62,310.0,1,1,7710
1001664,42,55,1062,171.14,180.0,0,0,1253
1001665,42,55,1109,265.08,285.0,0,0,2104
1001666,42,55,1207,254.76,320.0,0,1,1589
1001667,42,55,1230,139.99,150.0,0,0,1127
1001668,42,55,1525,245.34,240.0,0,0,623
1001669,42,55,1778,186.07,190.0,0,0,1223
1001670,42,55,1885,214.83,220.0,0,0,828
1001671,42,55,1993,314.99,310.0,0,0,2060
1001672,42,86,1062,170.06,180.0,0,0,1805
1001673,42,86,1109,286.68,285.0,0,0,2487
1001674,42,86,1207,302.5,320.0,0,0,1161
1001675,42,86,1230,146.88,150.0,0,0,1552
1001676,42,86,1525,227.93,240.0,0,0,1201
1001677,42,86,1778,194.61,190.0,0,0,1617
1001678,42,86,1885,220.25,220.0,0,0,1041
1001679,42,86,1993,293.73,310.0,0,0,2464
1001680,43,10,1062,135.22,180.0,1,0,2590
1001681,43,10,1109,280.71,285.0,0,0,2620
1001682,43,10,1207,321.57,320.0,0,0,1109
1001683,43,10,1230,144.52,150.0,0,0,1539
1001684,43,10,1525,233.87,240.0,0,0,986
1001685,43,10,1778,179.69,190.0,0,0,1789
1001686,43,10,1885,217.67,220.0,0,0,1024
1001687,43,10,1993,313.04,310.0,0,0,2351
1001688,43,13,1062,177.81,180.0,0,0,1891
1001689,43,13,1109,277.59,285.0,0,0,3381
1001690,43,13,1207,309.69,320.0,0,0,1372
1001691,43,13,1230,150.46,150.0,0,0,1657
1001692,43,13,1525,223.57,240.0,0,0,1141
1001693,43,13,1778,155.5,190.0,0,1,3630
1001694,43,13,1885,211.76,220.0,0,0,1281
1001695,43,13,1993,288.42,310.0,0,0,3636
1001696,43,24,1062,179.77,180.0,0,0,2197
1001697,43,24,1109,268.08,285.0,0,0,3307
1001698,43,24,1207,320.26,320.0,0,0,1428
1001699,43,24,1230,134.01,150.0,0,1,3160
1001700,43,24,1525,240.43,240.0,0,0,1308
1001701,43,24,1778,168.74,190.0,1,0,3230
1001702,43,24,1885,214.87,220.0,0,0,1205
1001703,43,24,1993,318.5,310.0,0,0,3114
1001704,43,55,1062,179.43,180.0,0,0,1262
1001705,43,55,1109,291.87,285.0,0,0,1751
1001706,43,55,1207,322.28,320.0,0,0,1132
1001707,43,55,1230,140.6,150.0,0,0,1147
1001708,43,55,1525,212.18,240.0,0,1,1001
1001709,43,55,1778,185.51,190.0,0,0,1388
1001710,43,55,1885,223.48,220.0,0,0,643
1001711,43,55,1993,236.51,310.0,0,1,3510
1001712,43,86,1062,169.77,180.0,0,0,1476
1001713,43,86,1109,214.21,285.0,0,1,4835
1001714,43,86,1207,266.75,320.0,1,0,1555
1001715,43,86,1230,130.64,150.0,0,1,3153
1001716,43,86,1525,242.21,240.0,0,0,836
1001717,43,86,1778,184.86,190.0,0,0,1997
1001718,43,86,1885,225.4,220.0,0,0,1132
1001719,43,86,1993,305.79,310.0,0,0,2486
1001720,44,10,1062,175.25,180.0,0,0,1615
1001721,44,10,1109,264.06,285.0,0,0,2204
1001722,44,10,1207,264.18,320.0,0,1,1666
1001723,44,10,1230,138.89,150.0,0,0,1518
1001724,44,10,1525,228.6,240.0,0,0,1176
1001725,44,10,1778,187.9,190.0,0,0,1467
1001726,44,10,1885,222.02,220.0,0,0,1042
1001727,44,10,1993,250.91,310.0,0,1,4977
1001728,44,13,1062,147.76,180.0,0,1,3873
1001729,44,13,1109,249.03,285.0,1,0,3701
1001730,44,13,1207,305.4,320.0,0,0,1278
1001731,44,13,1230,147.51,150.0,0,0,1634
1001732,44,13,1525,186.83,240.0,0,1,1660
1001733,44,13,1778,145.49,190.0,1,0,3731
1001734,44,13,1885,225.01,220.0,0,0,1267
1001735,44,13,1993,311.91,310.0,0,0,3770
1001736,44,24,1062,181.92,180.0,0,0,1876
1001737,44,24,1109,267.68,285.0,0,0,4176
1001738,44,24,1207,318.87,320.0,0,0,1363
1001739,44,24,1230,147.64,150.0,0,0,2026
1001740,44,24,1525,244.54,240.0,0,0,1372
1001741,44,24,1778,186.08,190.0,0,0,2176
1001742,44,24,1885,226.04,220.0,0,0,1316
1001743,44,24,1993,314.96,310.0,0,0,3628
1001744,44,55,1062,158.38,180.0,0,1,1757
1001745,44,55,1109,285.52,285.0,0,0,2109
1001746,44,55,1207,262.25,320.0,0,1,1230
1001747,44,55,1230,138.02,150.0,0,0,1095
1001748,44,55,1525,241.25,240.0,0,0,698
1001749,44,55,1778,188.0,190.0,0,0,1175
1001750,44,55,1885,206.35,220.0,0,0,925
1001751,44,55,1993,317.99,310.0,0,0,2343
1001752,44,86,1062,177.51,180.0,0,0,2142
1001753,44,86,1109,237.4,285.0,1,0,4049
1001754,44,86,1207,314.13,320.0,0,0,916
1001755,44,86,1230,138.64,150.0,0,0,1559
1001756,44,86,1525,244.31,240.0,0,0,819
1001757,44,86,1778,194.06,190.0,0,0,1683
1001758,44,86,1885,190.98,220.0,1,0,1719
1001759,44,86,1993,314.87,310.0,0,0,3398
1001760,45,10,1062,177.18,180.0,0,0,1850
1001761,45,10,1109,262.34,285.0,0,0,2263
1001762,45,10,1207,258.75,320.0,1,1,2285
1001763,45,10,1230,153.57,150.0,0,0,1511
1001764,45,10,1525,232.41,240.0,0,0,892
1001765,45,10,1778,184.25,190.0,0,0,2144
1001766,45,10,1885,224.55,220.0,0,0,986
1001767,45,10,1993,295.39,310.0,0,0,2717
1001768,45,13,1062,177.39,180.0,0,0,1751
1001769,45,13,1109,214.21,285.0,1,0,4841
1001770,45,13,1207,250.58,320.0,0,1,2543
1001771,45,13,1230,147.75,150.0,0,0,1612
1001772,45,13,1525,230.55,240.0,0,0,1012
1001773,45,13,1778,178.76,190.0,0,0,2233
1001774,45,13,1885,223.86,220.0,0,0,1205
1001775,45,13,1993,317.42,310.0,0,0,3776
1001776,45,24,1062,152.09,180.0,0,1,3303
1001777,45,24,1109,249.29,285.0,0,1,5482
1001778,45,24,1207,297.33,320.0,0,0,1773
1001779,45,24,1230,132.3,150.0,0,1,3463
1001780,45,24,1525,236.18,240.0,0,0,1306
1001781,45,24,1778,147.06,190.0,1,0,4908
1001782,45,24,1885,223.76,220.0,0,0,1501
1001783,45,24,1993,288.47,310.0,0,0,3428
1001784,45,55,1062,181.68,180.0,0,0,1077
1001785,45,55,1109,287.94,285.0,0,0,2102
1001786,45,55,1207,320.97,320.0,0,0,705
1001787,45,55,1230,147.27,150.0,0,0,1039
1001788,45,55,1525,243.05,240.0,0,0,723
1001789,45,55,1778,186.49,190.0,0,0,1725
1001790,45,55,1885,214.78,220.0,0,0,683
1001791,45,55,1993,317.8,310.0,0,0,2235
1001792,45,86,1062,184.28,180.0,0,0,1698
1001793,45,86,1109,285.31,285.0,0,0,2501
1001794,45,86,1207,311.49,320.0,0,0,1135
1001795,45,86,1230,131.68,150.0,0,1,2180
1001796,45,86,1525,188.91,240.0,1,0,1787
1001797,45,86,1778,182.28,190.0,0,0,2198
1001798,45,86,1885,172.33,220.0,1,0,1444
1001799,45,86,1993,295.68,310.0,0,0,2977
1001800,46,10,1062,170.16,180.0,0,0,1943
1001801,46,10,1109,275.43,285.0,0,0,2630
1001802,46,10,1207,327.01,320.0,0,0,1408
1001803,46,10,1230,117.72,150.0,0,1,2719
1001804,46,10,1525,239.12,240.0,0,0,928
1001805,46,10,1778,181.53,190.0,0,0,2035
1001806,46,10,1885,218.28,220.0,0,0,1135
1001807,46,10,1993,277.56,310.0,0,1,4987
1001808,46,13,1062,174.76,180.0,0,0,1788
1001809,46,13,1109,215.71,285.0,0,1,5124
1001810,46,13,1207,314.61,320.0,0,0,1371
1001811,46,13,1230,118.16,150.0,0,1,3115
1001812,46,13,1525,244.66,240.0,0,0,1197
1001813,46,13,1778,192.75,190.0,0,0,2145
1001814,46,13,1885,195.11,220.0,1,0,1991
1001815,46,13,1993,316.62,310.0,0,0,3277
1001816,46,24,1062,170.83,180.0,0,0,2272
1001817,46,24,1109,270.3,285.0,0,0,2928
1001818,46,24,1207,324.03,320.0,0,0,1400
1001819,46,24,1230,142.15,150.0,0,0,2098
1001820,46,24,1525,223.66,240.0,0,0,1429
1001821,46,24,1778,150.67,190.0,1,0,3621
1001822,46,24,1885,219.76,220.0,0,0,1296
1001823,46,24,1993,295.13,310.0,0,0,3758
1001824,46,55,1062,178.78,180.0,0,0,1290
1001825,46,55,1109,292.58,285.0,0,0,1881
1001826,46,55,1207,242.65,320.0,0,1,1286
1001827,46,55,1230,121.92,150.0,0,1,1869
1001828,46,55,1525,235.88,240.0,0,0,844
1001829,46,55,1778,166.31,190.0,1,0,2335
1001830,46,55,1885,225.68,220.0,0,0,728
1001831,46,55,1993,290.16,310.0,0,0,2148
1001832,46,86,1062,155.98,180.0,0,1,2492
1001833,46,86,1109,264.06,285.0,0,0,2720
1001834,46,86,1207,317.12,320.0,0,0,1058
1001835,46,86,1230,140.36,150.0,0,0,1340
1001836,46,86,1525,232.4,240.0,0,0,906
1001837,46,86,1778,186.18,190.0,0,0,1911
1001838,46,86,1885,217.33,220.0,0,0,1136
1001839,46,86,1993,257.39,310.0,0,1,5471
1001840,47,10,1062,168.92,180.0,0,0,1620
1001841,47,10,1109,226.66,285.0,1,0,4183
1001842,47,10,1207,312.15,320.0,0,0,986
1001843,47,10,1230,151.25,150.0,0,0,1237
1001844,47,10,1525,215.67,240.0,1,0,1241
1001845,47,10,1778,188.47,190.0,0,0,2103
1001846,47,10,1885,170.31,220.0,0,1,1935
1001847,47,10,1993,306.1,310.0,0,0,3117
1001848,47,13,1062,160.54,180.0,0,1,4000
1001849,47,13,1109,221.33,285.0,0,1,4515
1001850,47,13,1207,318.46,320.0,0,0,1232
1001851,47,13,1230,147.21,150.0,0,0,1703
1001852,47,13,1525,228.56,240.0,0,0,1013
1001853,47,13,1778,191.08,190.0,0,0,2207
1001854,47,13,1885,225.53,220.0,0,0,1179
1001855,47,13,1993,305.22,310.0,0,0,3818
1001856,47,24,1062,161.94,180.0,0,1,3925
1001857,47,24,1109,238.93,285.0,0,1,5164
1001858,47,24,1207,323.32,320.0,0,0,1642
1001859,47,24,1230,151.71,150.0,0,0,1855
1001860,47,24,1525,231.45,240.0,0,0,1191
1001861,47,24,1778,183.47,190.0,0,0,2397
1001862,47,24,1885,217.8,220.0,0,0,1554
1001863,47,24,1993,314.5,310.0,0,0,3810
1001864,47,55,1062,166.95,180.0,0,0,1406
1001865,47,55,1109,233.85,285.0,1,0,2921
1001866,47,55,1207,324.31,320.0,0,0,807
1001867,47,55,1230,153.99,150.0,0,0,1048
1001868,47,55,1525,200.87,240.0,0,1,1129
1001869,47,55,1778,192.49,190.0,0,0,1484
1001870,47,55,1885,208.89,220.0,0,0,774
1001871,47,55,1993,311.81,310.0,0,0,2265
1001872,47,86,1062,169.88,180.0,0,0,2172
1001873,47,86,1109,286.39,285.0,0,0,2617
1001874,47,86,1207,325.49,320.0,0,0,1099
1001875,47,86,1230,152.78,150.0,0,0,1413
1001876,47,86,1525,244.67,240.0,0,0,1020
1001877,47,86,1778,190.32,190.0,0,0,2142
1001878,47,86,1885,170.3,220.0,0,1,2485
1001879,47,86,1993,292.97,310.0,0,0,2856
1001880,48,10,1062,176.36,180.0,0,0,1761
1001881,48,10,1109,280.68,285.0,0,0,2902
1001882,48,10,1207,300.52,320.0,0,0,1257
1001883,48,10,1230,143.9,150.0,0,0,1317
1001884,48,10,1525,187.4,240.0,0,1,1722
1001885,48,10,1778,175.36,190.0,0,0,1954
1001886,48,10,1885,225.61,220.0,0,0,1014
1001887,48,10,1993,318.24,310.0,0,0,3334
1001888,48,13,1062,182.88,180.0,0,0,2230
1001889,48,13,1109,286.2,285.0,0,0,3263
1001890,48,13,1207,307.36,320.0,0,0,1438
1001891,48,13,1230,145.08,150.0,0,0,1747
1001892,48,13,1525,227.86,240.0,0,0,1341
1001893,48,13,1778,183.47,190.0,0,0,2461
1001894,48,13,1885,219.01,220.0,0,0,1240
1001895,48,13,1993,296.77,310.0,0,0,3339
1001896,48,24,1062,184.37,180.0,0,0,2809
1001897,48,24,1109,265.17,285.0,0,0,3227
1001898,48,24,1207,266.84,320.0,1,0,2818
1001899,48,24,1230,153.72,150.0,0,0,2018
1001900,48,24,1525,241.96,240.0,0,0,1564
1001901,48,24,1778,189.32,190.0,0,0,2572
1001902,48,24,1885,216.72,220.0,0,0,1622
1001903,48,24,1993,301.23,310.0,0,0,3568
1001904,48,55,1062,183.06,180.0,0,0,1145
1001905,48,55,1109,216.59,285.0,1,0,3707
1001906,48,55,1207,302.2,320.0,0,0,976
1001907,48,55,1230,153.45,150.0,0,0,1120
1001908,48,55,1525,232.97,240.0,0,0,725
1001909,48,55,1778,187.88,190.0,0,0,1424
1001910,48,55,1885,187.98,220.0,0,1,1337
1001911,48,55,1993,291.21,310.0,0,0,2419
1001912,48,86,1062,169.66,180.0,0,0,2030
1001913,48,86,1109,268.99,285.0,0,0,2635
1001914,48,86,1207,314.79,320.0,0,0,994
1001915,48,86,1230,119.58,150.0,0,1,2650
1001916,48,86,1525,225.66,240.0,0,0,1090
1001917,48,86,1778,189.68,190.0,0,0,2328
1001918,48,86,1885,225.62,220.0,0,0,1067
1001919,48,86,1993,306.86,310.0,0,0,2846
1001920,49,10,1062,178.77,180.0,0,0,1683
1001921,49,10,1109,284.47,285.0,0,0,2338
1001922,49,10,1207,278.82,320.0,0,1,2082
1001923,49,10,1230,150.29,150.0,0,0,1487
1001924,49,10,1525,205.01,240.0,0,1,1616
1001925,49,10,1778,155.1,190.0,0,1,3249
1001926,49,10,1885,212.98,220.0,0,0,1011
1001927,49,10,1993,312.73,310.0,0,0,2592
1001928,49,13,1062,152.55,180.0,1,0,2639
1001929,49,13,1109,277.09,285.0,0,0,3458
1001930,49,13,1207,301.55,320.0,0,0,1368
1001931,49,13,1230,141.42,150.0,0,0,1917
1001932,49,13,1525,228.45,240.0,0,0,1044
1001933,49,13,1778,183.35,190.0,0,0,2172
1001934,49,13,1885,204.3,220.0,0,0,1224
1001935,49,13,1993,285.85,310.0,0,0,4393
1001936,49,24,1062,183.71,180.0,0,0,2461
1001937,49,24,1109,255.9,285.0,1,0,4897
1001938,49,24,1207,308.08,320.0,0,0,1494
1001939,49,24,1230,121.75,150.0,0,1,3995
1001940,49,24,1525,233.74,240.0,0,0,1148
1001941,49,24,1778,143.18,190.0,1,0,3904
1001942,49,24,1885,212.38,220.0,0,0,1493
1001943,49,24,1993,255.27,310.0,1,1,9274
1001944,49,55,1062,184.0,180.0,0,0,1398
1001945,49,55,1109,273.35,285.0,0,0,1957
1001946,49,55,1207,250.16,320.0,1,0,1658
1001947,49,55,1230,130.47,150.0,0,1,1701
1001948,49,55,1525,236.15,240.0,0,0,562
1001949,49,55,1778,153.75,190.0,0,1,2914
1001950,49,55,1885,205.62,220.0,0,0,947
1001951,49,55,1993,295.56,310.0,0,0,2401
1001952,49,86,1062,184.11,180.0,0,0,1795
1001953,49,86,1109,278.99,285.0,0,0,2869
1001954,49,86,1207,301.33,320.0,0,0,1527
1001955,49,86,1230,146.47,150.0,0,0,1569
1001956,49,86,1525,225.51,240.0,0,0,982
1001957,49,86,1778,179.96,190.0,0,0,2199
1001958,49,86,1885,182.56,220.0,0,1,2187
1001959,49,86,1993,253.5,310.0,1,0,5114
1001960,50,10,1062,179.82,180.0,0,0,1683
1001961,50,10,1109,289.39,285.0,0,0,2669
1001962,50,10,1207,311.4,320.0,0,0,1208
1001963,50,10,1230,152.63,150.0,0,0,1769
1001964,50,10,1525,236.72,240.0,0,0,1092
1001965,50,10,1778,190.96,190.0,0,0,2310
1001966,50,10,1885,214.14,220.0,0,0,1205
1001967,50,10,1993,302.54,310.0,0,0,2725
1001968,50,13,1062,173.62,180.0,0,0,2237
1001969,50,13,1109,225.91,285.0,1,0,4846
1001970,50,13,1207,308.84,320.0,0,0,1663
1001971,50,13,1230,139.13,150.0,0,0,1912
1001972,50,13,1525,235.2,240.0,0,0,1243
1001973,50,13,1778,175.2,190.0,0,0,2143
1001974,50,13,1885,223.37,220.0,0,0,1526
1001975,50,13,1993,310.65,310.0,0,0,3632
1001976,50,24,1062,158.48,180.0,0,1,3627
1001977,50,24,1109,289.46,285.0,0,0,3443
1001978,50,24,1207,327.35,320.0,0,0,1553
1001979,50,24,1230,125.69,150.0,1,0,2762
1001980,50,24,1525,229.93,240.0,0,0,1261
1001981,50,24,1778,177.75,190.0,0,0,2732
1001982,50,24,1885,210.3,220.0,0,0,1619
1001983,50,24,1993,314.47,310.0,0,0,3651
1001984,50,55,1062,166.46,180.0,0,0,1498
1001985,50,55,1109,268.36,285.0,0,0,2144
1001986,50,55,1207,314.23,320.0,0,0,782
1001987,50,55,1230,128.66,150.0,1,0,1839
1001988,50,55,1525,224.15,240.0,0,0,789
1001989,50,55,1778,175.71,190.0,0,0,1661
1001990,50,55,1885,167.38,220.0,1,0,1481
1001991,50,55,1993,255.1,310.0,0,1,3972
1001992,50,86,1062,169.36,180.0,0,0,1971
1001993,50,86,1109,262.89,285.0,0,0,2716
1001994,50,86,1207,323.61,320.0,0,0,1180
1001995,50,86,1230,138.46,150.0,0,0,1451
1001996,50,86,1525,247.19,240.0,0,0,1137
1001997,50,86,1778,182.08,190.0,0,0,2208
1001998,50,86,1885,218.87,220.0,0,0,1176
1001999,50,86,1993,304.83,310.0,0,0,3411
1002000,51,10,1062,174.76,180.0,0,0,1866
1002001,51,10,1109,273.64,285.0,0,0,2729
1002002,51,10,1207,261.26,320.0,0,1,2182
1002003,51,10,1230,139.86,150.0,0,0,1924
1002004,51,10,1525,231.73,240.0,0,0,1193
1002005,51,10,1778,184.97,190.0,0,0,2197
1002006,51,10,1885,217.21,220.0,0,0,1184
1002007,51,10,1993,296.13,310.0,0,0,2911
1002008,51,13,1062,141.16,180.0,1,0,3459
1002009,51,13,1109,265.9,285.0,0,0,3578
1002010,51,13,1207,297.25,320.0,0,0,1545
1002011,51,13,1230,148.1,150.0,0,0,2056
1002012,51,13,1525,224.47,240.0,0,0,1336
1002013,51,13,1778,194.41,190.0,0,0,2237
1002014,51,13,1885,205.18,220.0,0,0,1407
1002015,51,13,1993,293.29,310.0,0,0,3207
1002016,51,24,1062,168.62,180.0,0,0,2593
1002017,51,24,1109,276.53,285.0,0,0,3771
1002018,51,24,1207,311.28,320.0,0,0,1549
1002019,51,24,1230,151.95,150.0,0,0,2493
1002020,51,24,1525,229.05,240.0,0,0,1569
1002021,51,24,1778,176.66,190.0,0,0,2537
1002022,51,24,1885,190.31,220.0,0,1,2518
1002023,51,24,1993,250.89,310.0,0,1,6121
1002024,51,55,1062,179.79,180.0,0,0,1561
1002025,51,55,1109,239.0,285.0,0,1,3973
1002026,51,55,1207,301.43,320.0,0,0,1247
1002027,51,55,1230,147.49,150.0,0,0,1107
1002028,51,55,1525,233.04,240.0,0,0,664
1002029,51,55,1778,164.91,190.0,1,0,1972
1002030,51,55,1885,221.09,220.0,0,0,723
1002031,51,55,1993,312.36,310.0,0,0,2564
1002032,51,86,1062,176.81,180.0,0,0,1865
1002033,51,86,1109,276.03,285.0,0,0,2940
1002034,51,86,1207,320.72,320.0,0,0,1302
1002035,51,86,1230,127.68,150.0,0,1,2450
1002036,51,86,1525,233.11,240.0,0,0,1073
1002037,51,86,1778,183.46,190.0,0,0,2298
1002038,51,86,1885,190.64,220.0,0,1,1911
1002039,51,86,1993,318.89,310.0,0,0,2710
1002040,52,10,1062,166.34,180.0,0,0,1839
1002041,52,10,1109,267.58,285.0,0,0,3769
1002042,52,10,1207,320.36,320.0,0,0,1495
1002043,52,10,1230,118.72,150.0,0,1,2831
1002044,52,10,1525,229.67,240.0,0,0,1214
1002045,52,10,1778,181.25,190.0,0,0,2107
1002046,52,10,1885,219.02,220.0,0,0,1080
1002047,52,10,1993,294.6,310.0,0,0,3429
1002048,52,13,1062,178.35,180.0,0,0,2044
1002049,52,13,1109,279.31,285.0,0,0,3183
1002050,52,13,1207,315.83,320.0,0,0,1791
1002051,52,13,1230,153.61,150.0,0,0,2161
1002052,52,13,1525,243.25,240.0,0,0,1274
1002053,52,13,1778,192.07,190.0,0,0,2224
1002054,52,13,1885,221.02,220.0,0,0,1232
1002055,52,13,1993,247.78,310.0,0,1,5960
1002056,52,24,1062,182.15,180.0,0,0,2619
1002057,52,24,1109,288.22,285.0,0,0,3940
1002058,52,24,1207,310.02,320.0,0,0,1848
1002059,52,24,1230,150.69,150.0,0,0,2108
1002060,52,24,1525,243.42,240.0,0,0,1351
1002061,52,24,1778,185.84,190.0,0,0,3056
1002062,52,24,1885,224.48,220.0,0,0,1649
1002063,52,24,1993,245.68,310.0,1,0,6961
1002064,52,55,1062,182.69,180.0,0,0,1259
1002065,52,55,1109,285.45,285.0,0,0,2132
1002066,52,55,1207,305.43,320.0,0,0,974
1002067,52,55,1230,132.23,150.0,0,1,2205
1002068,52,55,1525,224.87,240.0,0,0,976
1002069,52,55,1778,188.23,190.0,0,0,1394
1002070,52,55,1885,224.57,220.0,0,0,965
1002071,52,55,1993,310.36,310.0,0,0,2041
1002072,52,86,1062,171.14,180.0,0,0,2192
1002073,52,86,1109,231.52,285.0,1,0,4744
1002074,52,86,1207,260.47,320.0,0,1,2200
1002075,52,86,1230,118.52,150.0,0,1,3156
1002076,52,86,1525,235.61,240.0,0,0,1084
1002077,52,86,1778,193.1,190.0,0,0,2133
1002078,52,86,1885,179.05,220.0,0,1,2139
1002079,52,86,1993,298.31,310.0,0,0,4217
